COD_UBIGEO,AREA,DISTRITO,PROVINCIA,DEPARTAMENTO
010109,LIMA Y CALLAO,SANTIAGO DE SURCO  ,LIMA   ,LIMA   
0201031,LIMA Y CALLAO,CALLAO   ,CALLAO   ,CALLAO   
0100000,LIMA Y CALLAO,LIMA   ,LIMA   ,LIMA   
0101000,LIMA Y CALLAO,LIMA   ,LIMA   ,LIMA   
0101001,LIMA Y CALLAO,CERCADO DE LIMA ,LIMA   ,LIMA   
0101002,LIMA Y CALLAO,ANCON   ,LIMA   ,LIMA   
0101003,LIMA Y CALLAO,ATE   ,LIMA   ,LIMA   
0101004,LIMA Y CALLAO,BARRANCO   ,LIMA   ,LIMA   
0101005,LIMA Y CALLAO,BREÑA   ,LIMA   ,LIMA   
0101006,LIMA Y CALLAO,CARABAYLLO   ,LIMA   ,LIMA   
0101007,LIMA Y CALLAO,COMAS   ,LIMA   ,LIMA   
0101008,LIMA Y CALLAO,CHACLACAYO   ,LIMA   ,LIMA   
0101009,LIMA Y CALLAO,CHORRILLOS  ,LIMA   ,LIMA   
0101010,LIMA Y CALLAO,EL AGUSTINO  ,LIMA   ,LIMA   
0101011,LIMA Y CALLAO,JESUS MARIA  ,LIMA   ,LIMA   
0101012,LIMA Y CALLAO,LA MOLINA  ,LIMA   ,LIMA   
0101013,LIMA Y CALLAO,LA VICTORIA  ,LIMA   ,LIMA   
0101014,LIMA Y CALLAO,LINCE  ,LIMA   ,LIMA   
0101015,LIMA Y CALLAO,LURIGANCHO  ,LIMA   ,LIMA   
0101016,LIMA Y CALLAO,LURIN  ,LIMA   ,LIMA   
0101017,LIMA Y CALLAO,MAGDALENA  ,LIMA   ,LIMA   
0101018,LIMA Y CALLAO,MIRAFLORES  ,LIMA   ,LIMA   
0101019,LIMA Y CALLAO,PACHACAMAC  ,LIMA   ,LIMA   
0101020,LIMA Y CALLAO,PUCUSANA  ,LIMA   ,LIMA   
0101021,LIMA Y CALLAO,PUEBLO LIBRE  ,LIMA   ,LIMA   
0101022,LIMA Y CALLAO,PUENTE PIEDRA  ,LIMA   ,LIMA   
0101023,LIMA Y CALLAO,PUNTA NEGRA  ,LIMA   ,LIMA   
0101024,LIMA Y CALLAO,PUNTA HERMOSA  ,LIMA   ,LIMA   
0101025,LIMA Y CALLAO,RIMAC  ,LIMA   ,LIMA   
0101026,LIMA Y CALLAO,SAN BARTOLO  ,LIMA   ,LIMA   
0101027,LIMA Y CALLAO,SAN ISIDRO  ,LIMA   ,LIMA   
0101028,LIMA Y CALLAO,INDEPENDENCIA  ,LIMA   ,LIMA   
0101029,LIMA Y CALLAO,SAN JUAN DE MIRAFLOR  ,LIMA   ,LIMA   
0101030,LIMA Y CALLAO,SAN LUIS  ,LIMA   ,LIMA   
0101031,LIMA Y CALLAO,SAN MARTIN DE PORRES  ,LIMA   ,LIMA   
0101032,LIMA Y CALLAO,SAN MIGUEL  ,LIMA   ,LIMA   
0101033,LIMA Y CALLAO,SANTIAGO DE SURCO  ,LIMA   ,LIMA   
0101034,LIMA Y CALLAO,SURQUILLO  ,LIMA   ,LIMA   
0101035,LIMA Y CALLAO,VILLA MARIA DEL TRIU  ,LIMA   ,LIMA   
0101036,LIMA Y CALLAO,SAN JUAN DE LURIGANC  ,LIMA   ,LIMA   
0101037,LIMA Y CALLAO,SANTA MARIA DEL MAR  ,LIMA   ,LIMA   
0101038,LIMA Y CALLAO,SANTA ROSA  ,LIMA   ,LIMA   
0101039,LIMA Y CALLAO,LOS OLIVOS  ,LIMA   ,LIMA   
0101040,LIMA Y CALLAO,CIENEGUILLA  ,LIMA   ,LIMA   
0101041,LIMA Y CALLAO,SAN BORJA  ,LIMA   ,LIMA   
0101042,LIMA Y CALLAO,VILLA EL SALVADOR  ,LIMA   ,LIMA   
0101043,LIMA Y CALLAO,SANTA ANITA  ,LIMA   ,LIMA   
0101048,LIMA Y CALLAO,   ,LIMA   ,LIMA   
0102000,PROVINCIAS,BARRANCA  ,BARRANCA  ,LIMA   
0102001,PROVINCIAS,BARRANCA  ,BARRANCA  ,LIMA   
0102002,PROVINCIAS,PARAMONGA  ,BARRANCA  ,LIMA   
0102003,PROVINCIAS,PATIVILCA  ,BARRANCA  ,LIMA   
0102004,PROVINCIAS,SUPE  ,BARRANCA  ,LIMA   
0102005,PROVINCIAS,SUPE PUERTO  ,BARRANCA  ,LIMA   
0103000,PROVINCIAS,CAJATAMBO  ,CAJATAMBO  ,LIMA   
0103001,PROVINCIAS,CAJATAMBO  ,CAJATAMBO  ,LIMA   
0103002,PROVINCIAS,COPA  ,CAJATAMBO  ,LIMA   
0103003,PROVINCIAS,GORGOR  ,CAJATAMBO  ,LIMA   
0103004,PROVINCIAS,HUANCAPON  ,CAJATAMBO  ,LIMA   
0103005,PROVINCIAS,MANAS  ,CAJATAMBO  ,LIMA   
0104000,PROVINCIAS,CANTA  ,CANTA  ,LIMA   
0104001,PROVINCIAS,ARAHUAY  ,CANTA  ,LIMA   
0104002,PROVINCIAS,CANTA  ,CANTA  ,LIMA   
0104003,PROVINCIAS,HUAMANTANGA  ,CANTA  ,LIMA   
0104004,PROVINCIAS,HUAROS  ,CANTA  ,LIMA   
0104005,PROVINCIAS,LACHAQUI  ,CANTA  ,LIMA   
0104006,PROVINCIAS,SAN BUENAVENTURA       ,CANTA  ,LIMA   
0104007,PROVINCIAS,SANTA ROSA DE QUIVES   ,CANTA  ,LIMA   
0105000,PROVINCIAS,CAÑETE  ,CAÑETE  ,LIMA   
0105001,PROVINCIAS,ASIA  ,CAÑETE  ,LIMA   
0105002,PROVINCIAS,CALANGO  ,CAÑETE  ,LIMA   
0105003,PROVINCIAS,CERRO AZUL  ,CAÑETE  ,LIMA   
0105004,PROVINCIAS,CHILCA  ,CAÑETE  ,LIMA   
0105005,PROVINCIAS,COAYLLO  ,CAÑETE  ,LIMA   
0105006,PROVINCIAS,IMPERIAL  ,CAÑETE  ,LIMA   
0105007,PROVINCIAS,LUNAHUANA  ,CAÑETE  ,LIMA   
0105008,PROVINCIAS,MALA  ,CAÑETE  ,LIMA   
0105009,PROVINCIAS,NUEVO IMPERIAL  ,CAÑETE  ,LIMA   
0105010,PROVINCIAS,PACARAN  ,CAÑETE  ,LIMA   
0105011,PROVINCIAS,QUILMANA  ,CAÑETE  ,LIMA   
0105012,PROVINCIAS,SAN ANTONIO  ,CAÑETE  ,LIMA   
0105013,PROVINCIAS,SAN LUIS  ,CAÑETE  ,LIMA   
0105014,PROVINCIAS,SAN VICENTE DE CAñET  ,CAÑETE  ,LIMA   
0105015,PROVINCIAS,SANTA CRUZ DE FLORES  ,CAÑETE  ,LIMA   
0105016,PROVINCIAS,ZUÑIGA  ,CAÑETE  ,LIMA   
0106000,PROVINCIAS,HUARAL  ,HUARAL  ,LIMA   
0106001,PROVINCIAS,ATAVILLOS ALTO  ,HUARAL  ,LIMA   
0106002,PROVINCIAS,ATAVILLOS BAJO  ,HUARAL  ,LIMA   
0106003,PROVINCIAS,AUCALLAMA  ,HUARAL  ,LIMA   
0106004,PROVINCIAS,CHANCAY  ,HUARAL  ,LIMA   
0106005,PROVINCIAS,HUARAL  ,HUARAL  ,LIMA   
0106006,PROVINCIAS,IHUARI  ,HUARAL  ,LIMA   
0106007,PROVINCIAS,LAMPIAN  ,HUARAL  ,LIMA   
0106008,PROVINCIAS,PACARAOS  ,HUARAL  ,LIMA   
0106009,PROVINCIAS,SAN MIGUEL DE ACOS  ,HUARAL  ,LIMA   
0106010,PROVINCIAS,SANTA CRUZ DE ANDAMA  ,HUARAL  ,LIMA   
0106011,PROVINCIAS,SUMBILCA  ,HUARAL  ,LIMA   
0106012,PROVINCIAS,27 DE NOVIEMBRE  ,HUARAL  ,LIMA   
0107000,PROVINCIAS,HUAROCHIRI  ,HUAROCHIRI  ,LIMA   
0107001,PROVINCIAS,ANTIOQUIA  ,HUAROCHIRI  ,LIMA   
0107002,PROVINCIAS,CALLAHUANCA  ,HUAROCHIRI  ,LIMA   
0107003,PROVINCIAS,CAIRAMPOMA  ,HUAROCHIRI  ,LIMA   
0107004,PROVINCIAS,CHICLA  ,HUAROCHIRI  ,LIMA   
0107005,PROVINCIAS,CUENCA  ,HUAROCHIRI  ,LIMA   
0107006,PROVINCIAS,HUACHUPAMPA  ,HUAROCHIRI  ,LIMA   
0107007,PROVINCIAS,HUANZA  ,HUAROCHIRI  ,LIMA   
0107008,PROVINCIAS,HUAROCHIRI  ,HUAROCHIRI  ,LIMA   
0107009,PROVINCIAS,LAHUAYTAMBO  ,HUAROCHIRI  ,LIMA   
0107010,PROVINCIAS,LANGA  ,HUAROCHIRI  ,LIMA   
0107011,PROVINCIAS,LARAOS  ,HUAROCHIRI  ,LIMA   
0107012,PROVINCIAS,MARIATANA  ,HUAROCHIRI  ,LIMA   
0107013,PROVINCIAS,MATUCANA  ,HUAROCHIRI  ,LIMA   
0107014,PROVINCIAS,RICARDO PALMA  ,HUAROCHIRI  ,LIMA   
0107015,PROVINCIAS,SAN ANDRES DE TUPICO  ,HUAROCHIRI  ,LIMA   
0107016,PROVINCIAS,SAN ANTONIO  ,HUAROCHIRI  ,LIMA   
0107017,PROVINCIAS,SAN BARTOLOME  ,HUAROCHIRI  ,LIMA   
0107018,PROVINCIAS,SAN DAMIAN  ,HUAROCHIRI  ,LIMA   
0107019,PROVINCIAS,SAN JUAN DE IRIS  ,HUAROCHIRI  ,LIMA   
0107020,PROVINCIAS,SAN JUAN DE TANTARAN  ,HUAROCHIRI  ,LIMA   
0107021,PROVINCIAS,SAN LORENZO DE QUINT  ,HUAROCHIRI  ,LIMA   
0107022,PROVINCIAS,SAN MATEO  ,HUAROCHIRI  ,LIMA   
0107023,PROVINCIAS,SAN MATEO DE OTAO  ,HUAROCHIRI  ,LIMA   
0107024,PROVINCIAS,SAN PEDRO DE CASTA  ,HUAROCHIRI  ,LIMA   
0107025,PROVINCIAS,SAN PEDRO DE HUANCAY  ,HUAROCHIRI  ,LIMA   
0107026,PROVINCIAS,SANGALLAYA  ,HUAROCHIRI  ,LIMA   
0107027,PROVINCIAS,SANTA CRUZ DE COCACH  ,HUAROCHIRI  ,LIMA   
0107028,PROVINCIAS,SANTA EULALIA  ,HUAROCHIRI  ,LIMA   
0107029,PROVINCIAS,SANTIAGO DE ANCHUCAY  ,HUAROCHIRI  ,LIMA   
0107030,PROVINCIAS,SANTIAGO DE TUNA  ,HUAROCHIRI  ,LIMA   
0107031,PROVINCIAS,STO. DOMINGO DE LOS  ,HUAROCHIRI  ,LIMA   
0107032,PROVINCIAS,SURCO  ,HUAROCHIRI  ,LIMA   
0108000,PROVINCIAS,HUAURA  ,HUAURA  ,LIMA   
0108001,PROVINCIAS,AMBAR  ,HUAURA  ,LIMA   
0108002,PROVINCIAS,CALETA DE CARQUIN  ,HUAURA  ,LIMA   
0108003,PROVINCIAS,CHECRAS  ,HUAURA  ,LIMA   
0108004,PROVINCIAS,HUACHO  ,HUAURA  ,LIMA   
0108005,PROVINCIAS,HUALMAY  ,HUAURA  ,LIMA   
0108006,PROVINCIAS,HUAURA  ,HUAURA  ,LIMA   
0108007,PROVINCIAS,LEONCIO PRADO  ,HUAURA  ,LIMA   
0108008,PROVINCIAS,PACCHO  ,HUAURA  ,LIMA   
0108009,PROVINCIAS,SANTA LEONOR  ,HUAURA  ,LIMA   
0108010,PROVINCIAS,SANTA MARIA  ,HUAURA  ,LIMA   
0108011,PROVINCIAS,SAYAN  ,HUAURA  ,LIMA   
0108012,PROVINCIAS,VEGUETA  ,HUAURA  ,LIMA   
0109000,PROVINCIAS,OYON  ,OYON  ,LIMA   
0109001,PROVINCIAS,ANDAJES  ,OYON  ,LIMA   
0109002,PROVINCIAS,CAUJUL  ,OYON  ,LIMA   
0109003,PROVINCIAS,COCHAMARCA  ,OYON  ,LIMA   
0109004,PROVINCIAS,NAVAN  ,OYON  ,LIMA   
0109005,PROVINCIAS,OYON  ,OYON  ,LIMA   
0109006,PROVINCIAS,PACHANGARA  ,OYON  ,LIMA   
0110000,PROVINCIAS,YAUYOS  ,YAUYOS  ,LIMA   
0110001,PROVINCIAS,ALIS  ,YAUYOS  ,LIMA   
0110002,PROVINCIAS,AYAUCA  ,YAUYOS  ,LIMA   
0110003,PROVINCIAS,AYAVIRI  ,YAUYOS  ,LIMA   
0110004,PROVINCIAS,AZANGARO  ,YAUYOS  ,LIMA   
0110005,PROVINCIAS,CACRA  ,YAUYOS  ,LIMA   
0110006,PROVINCIAS,CARANIA  ,YAUYOS  ,LIMA   
0110007,PROVINCIAS,CATAHUASI  ,YAUYOS  ,LIMA   
0110008,PROVINCIAS,CHOCOS  ,YAUYOS  ,LIMA   
0110009,PROVINCIAS,COCHAS  ,YAUYOS  ,LIMA   
0110010,PROVINCIAS,COLONIA  ,YAUYOS  ,LIMA   
0110011,PROVINCIAS,HONGOS  ,YAUYOS  ,LIMA   
0110012,PROVINCIAS,HUAMPARA  ,YAUYOS  ,LIMA   
0110013,PROVINCIAS,HUANCAYA  ,YAUYOS  ,LIMA   
0110014,PROVINCIAS,HUANGASCAR  ,YAUYOS  ,LIMA   
0110015,PROVINCIAS,HUANTAN  ,YAUYOS  ,LIMA   
0110016,PROVINCIAS,HUAñEC  ,YAUYOS  ,LIMA   
0110017,PROVINCIAS,LARAOS  ,YAUYOS  ,LIMA   
0110018,PROVINCIAS,LINCHA  ,YAUYOS  ,LIMA   
0110019,PROVINCIAS,MADEAN  ,YAUYOS  ,LIMA   
0110020,PROVINCIAS,MIRAFLORES  ,YAUYOS  ,LIMA   
0110021,PROVINCIAS,OMAS   ,YAUYOS  ,LIMA   
0110022,PROVINCIAS,PUTINZA   ,YAUYOS  ,LIMA   
0110023,PROVINCIAS,QUINCHES   ,YAUYOS  ,LIMA   
0110024,PROVINCIAS,QUINOCAY   ,YAUYOS  ,LIMA   
0110025,PROVINCIAS,SAN JOAQUIN   ,YAUYOS  ,LIMA   
0110026,PROVINCIAS,SAN PEDRO DE PILAS ,YAUYOS  ,LIMA   
0110027,PROVINCIAS,TANTA   ,YAUYOS  ,LIMA   
0110028,PROVINCIAS,TAURIPAMPA   ,YAUYOS  ,LIMA   
0110029,PROVINCIAS,TOMAS   ,YAUYOS  ,LIMA   
0110030,PROVINCIAS,TUPE   ,YAUYOS  ,LIMA   
0110031,PROVINCIAS,VIÑAC   ,YAUYOS  ,LIMA   
0110032,PROVINCIAS,VITIS   ,YAUYOS  ,LIMA   
0110033,PROVINCIAS,YAUYOS   ,YAUYOS  ,LIMA   
0120100,LIMA Y CALLAO,LIMA   ,LIMA   ,LIMA   
0200000,LIMA Y CALLAO,CALLAO   ,CALLAO   ,CALLAO   
0201000,LIMA Y CALLAO,CALLAO   ,CALLAO   ,CALLAO   
0201001,LIMA Y CALLAO,CALLAO   ,CALLAO   ,CALLAO   
0201002,LIMA Y CALLAO,BELLAVISTA   ,CALLAO   ,CALLAO   
0201003,LIMA Y CALLAO,CARMEN DE LA LEGUA ,CALLAO   ,CALLAO   
0201004,LIMA Y CALLAO,LA PERLA   ,CALLAO   ,CALLAO   
0201005,LIMA Y CALLAO,LA PUNTA   ,CALLAO   ,CALLAO   
0201006,LIMA Y CALLAO,VENTANILLA   ,CALLAO   ,CALLAO   
0300000,PROVINCIAS,AMAZONAS   ,AMAZONAS   ,AMAZONAS   
0301000,PROVINCIAS,CHACHAPOYAS   ,CHACHAPOYAS   ,AMAZONAS   
0301001,PROVINCIAS,ASUNCION   ,CHACHAPOYAS   ,AMAZONAS   
0301002,PROVINCIAS,BALSAS   ,CHACHAPOYAS   ,AMAZONAS   
0301003,PROVINCIAS,CHACHAPOYAS   ,CHACHAPOYAS   ,AMAZONAS   
0301004,PROVINCIAS,CHETO   ,CHACHAPOYAS   ,AMAZONAS   
0301005,PROVINCIAS,CHILIQUIN   ,CHACHAPOYAS   ,AMAZONAS   
0301006,PROVINCIAS,CHUQUIBAMBA  ,CHACHAPOYAS   ,AMAZONAS   
0301007,PROVINCIAS,GRANADA  ,CHACHAPOYAS   ,AMAZONAS   
0301008,PROVINCIAS,HUANCAS  ,CHACHAPOYAS   ,AMAZONAS   
0301009,PROVINCIAS,LA JALCA  ,CHACHAPOYAS   ,AMAZONAS   
0301010,PROVINCIAS,LEIMEBAMBA  ,CHACHAPOYAS   ,AMAZONAS   
0301011,PROVINCIAS,LEVANTO  ,CHACHAPOYAS   ,AMAZONAS   
0301012,PROVINCIAS,MAGDALENA  ,CHACHAPOYAS   ,AMAZONAS   
0301013,PROVINCIAS,MARISCAL CASTILLA  ,CHACHAPOYAS   ,AMAZONAS   
0301014,PROVINCIAS,MOLINOPAMPA  ,CHACHAPOYAS   ,AMAZONAS   
0301015,PROVINCIAS,MONTEVIDEO   ,CHACHAPOYAS   ,AMAZONAS   
0301016,PROVINCIAS,OLLEROS   ,CHACHAPOYAS   ,AMAZONAS   
0301017,PROVINCIAS,QUINJALCA   ,CHACHAPOYAS   ,AMAZONAS   
0301018,PROVINCIAS,SAN FRANCISCO DE DAG ,CHACHAPOYAS   ,AMAZONAS   
0301019,PROVINCIAS,SAN ISIDRO DE MAINO ,CHACHAPOYAS   ,AMAZONAS   
0301020,PROVINCIAS,SOLOCO   ,CHACHAPOYAS   ,AMAZONAS   
0301021,PROVINCIAS,SONCHE   ,CHACHAPOYAS   ,AMAZONAS   
0302000,PROVINCIAS,BAGUA   ,BAGUA   ,AMAZONAS   
0302001,PROVINCIAS,ARAMANGO   ,BAGUA   ,AMAZONAS   
0302002,PROVINCIAS,COPALLIN   ,BAGUA   ,AMAZONAS   
0302003,PROVINCIAS,EL PARCO               ,BAGUA,AMAZONAS
0302004,PROVINCIAS,IMAZA                  ,BAGUA,AMAZONAS
0302005,PROVINCIAS,LA PECA                ,BAGUA,AMAZONAS
0302006,PROVINCIAS,BAGUA                  ,BAGUA,AMAZONAS
0303000,PROVINCIAS,BONGARA                ,BONGARA,AMAZONAS
0303001,PROVINCIAS,CHISQUILLA             ,BONGARA,AMAZONAS
0303002,PROVINCIAS,CHURUJA                ,BONGARA,AMAZONAS
0303003,PROVINCIAS,COROSHA                ,BONGARA,AMAZONAS
0303004,PROVINCIAS,CUISPES                ,BONGARA,AMAZONAS
0303005,PROVINCIAS,FLORIDA                ,BONGARA,AMAZONAS
0303006,PROVINCIAS,JAZAN   ,BAGUA   ,AMAZONAS   
0303007,PROVINCIAS,JUMBILLA  ,BAGUA   ,AMAZONAS   
0303008,PROVINCIAS,RECTA  ,BAGUA   ,AMAZONAS   
0303009,PROVINCIAS,SAN CARLOS  ,BAGUA   ,AMAZONAS   
0303010,PROVINCIAS,SHIPASBAMBA  ,BAGUA   ,AMAZONAS   
0303011,PROVINCIAS,VALERA  ,BAGUA   ,AMAZONAS   
0303012,PROVINCIAS,YAMBRASBAMBA  ,BAGUA   ,AMAZONAS   
0304000,PROVINCIAS,CONDORCANQUI  ,CONDORCANQUI  ,AMAZONAS   
0304001,PROVINCIAS,EL CENEPA  ,CONDORCANQUI  ,AMAZONAS   
0304002,PROVINCIAS,NIEVA  ,CONDORCANQUI  ,AMAZONAS   
0304003,PROVINCIAS,RIO SANTIAGO  ,CONDORCANQUI  ,AMAZONAS   
0305000,PROVINCIAS,LUYA  ,LUYA  ,AMAZONAS   
0305001,PROVINCIAS,CAMPORREDONDO  ,LUYA  ,AMAZONAS   
0305002,PROVINCIAS,COCABAMBA  ,LUYA  ,AMAZONAS   
0305003,PROVINCIAS,COLCAMAR  ,LUYA  ,AMAZONAS   
0305004,PROVINCIAS,CONILA  ,LUYA  ,AMAZONAS   
0305005,PROVINCIAS,INGUILPATA  ,LUYA  ,AMAZONAS   
0305006,PROVINCIAS,LAMUD  ,LUYA  ,AMAZONAS   
0305007,PROVINCIAS,LONGUITA  ,LUYA  ,AMAZONAS   
0305008,PROVINCIAS,LONYA CHICO  ,LUYA  ,AMAZONAS   
0305009,PROVINCIAS,LUYA   ,LUYA  ,AMAZONAS   
0305010,PROVINCIAS,LUYA VIEJO   ,LUYA  ,AMAZONAS   
0305011,PROVINCIAS,MARIA   ,LUYA  ,AMAZONAS   
0305012,PROVINCIAS,OCALLI   ,LUYA  ,AMAZONAS   
0305013,PROVINCIAS,OCUMAL   ,LUYA  ,AMAZONAS   
0305014,PROVINCIAS,PISUQUIA   ,LUYA  ,AMAZONAS   
0305015,PROVINCIAS,PROVIDENCIA   ,LUYA  ,AMAZONAS   
0305016,PROVINCIAS,SAN CRISTOBAL   ,LUYA  ,AMAZONAS   
0305017,PROVINCIAS,SAN JERONIMO DEL YES ,LUYA  ,AMAZONAS   
0305018,PROVINCIAS,SAN JERONIMO   ,LUYA  ,AMAZONAS   
0305019,PROVINCIAS,SAN JUAN DE LOPECANC   ,LUYA  ,AMAZONAS   
0305020,PROVINCIAS,SANTA CATALINA  ,LUYA  ,AMAZONAS   
0305021,PROVINCIAS,SANTO TOMAS  ,LUYA  ,AMAZONAS   
0305022,PROVINCIAS,TINGO  ,LUYA  ,AMAZONAS   
0305023,PROVINCIAS,TRITA  ,LUYA  ,AMAZONAS   
0306000,PROVINCIAS,RODRIGUEZ DE MENDOZA  ,RODRIGUEZ DE MENDOZA  ,AMAZONAS   
0306001,PROVINCIAS,CHIRIMOTO  ,RODRIGUEZ DE MENDOZA  ,AMAZONAS   
0306002,PROVINCIAS,COCHAMAL  ,RODRIGUEZ DE MENDOZA  ,AMAZONAS   
0306003,PROVINCIAS,HUAMBO  ,RODRIGUEZ DE MENDOZA  ,AMAZONAS   
0306004,PROVINCIAS,LIMABAMBA  ,RODRIGUEZ DE MENDOZA  ,AMAZONAS   
0306005,PROVINCIAS,LONGAR  ,RODRIGUEZ DE MENDOZA  ,AMAZONAS   
0306006,PROVINCIAS,MARISCAL BENAVIDES  ,RODRIGUEZ DE MENDOZA  ,AMAZONAS   
0306007,PROVINCIAS,MILPUC  ,RODRIGUEZ DE MENDOZA  ,AMAZONAS   
0306008,PROVINCIAS,OMIA  ,RODRIGUEZ DE MENDOZA  ,AMAZONAS   
0306009,PROVINCIAS,SAN NICOLAS  ,RODRIGUEZ DE MENDOZA  ,AMAZONAS   
0306010,PROVINCIAS,SANTA ROSA  ,RODRIGUEZ DE MENDOZA  ,AMAZONAS   
0306011,PROVINCIAS,TOTORA  ,RODRIGUEZ DE MENDOZA  ,AMAZONAS   
0306012,PROVINCIAS,VISTA ALEGRE  ,RODRIGUEZ DE MENDOZA  ,AMAZONAS   
0307000,PROVINCIAS,UTCUBAMBA  ,UTCUBAMBA  ,AMAZONAS   
0307001,PROVINCIAS,BAGUA GRANDE  ,UTCUBAMBA  ,AMAZONAS   
0307002,PROVINCIAS,CAJARURO  ,UTCUBAMBA  ,AMAZONAS   
0307003,PROVINCIAS,CUMBA  ,UTCUBAMBA  ,AMAZONAS   
0307004,PROVINCIAS,EL MILAGRO  ,UTCUBAMBA  ,AMAZONAS   
0307005,PROVINCIAS,JAMALCA  ,UTCUBAMBA  ,AMAZONAS   
0307006,PROVINCIAS,LONYA GRANDE  ,UTCUBAMBA  ,AMAZONAS   
0307007,PROVINCIAS,YAMON  ,UTCUBAMBA  ,AMAZONAS   
0400000,PROVINCIAS,ANCASH  ,ANCASH  ,ANCASH  
0401000,PROVINCIAS,HUARAZ  ,HUARAZ  ,ANCASH  
0401001,PROVINCIAS,COCHABAMBA  ,HUARAZ  ,ANCASH  
0401002,PROVINCIAS,COLCABAMBA  ,HUARAZ  ,ANCASH  
0401003,PROVINCIAS,HUANCHAY  ,HUARAZ  ,ANCASH  
0401004,PROVINCIAS,HUARAZ  ,HUARAZ  ,ANCASH  
0401005,PROVINCIAS,INDEPENDENCIA  ,HUARAZ  ,ANCASH  
0401006,PROVINCIAS,JANGAS  ,HUARAZ  ,ANCASH  
0401007,PROVINCIAS,LA LIBERTAD  ,HUARAZ  ,ANCASH  
0401008,PROVINCIAS,OLLEROS  ,HUARAZ  ,ANCASH  
0401009,PROVINCIAS,PAMPAS  ,HUARAZ  ,ANCASH  
0401010,PROVINCIAS,PARIACOTO  ,HUARAZ  ,ANCASH  
0401011,PROVINCIAS,PIRA  ,HUARAZ  ,ANCASH  
0401012,PROVINCIAS,TARICA  ,HUARAZ  ,ANCASH  
0402000,PROVINCIAS,AIJA  ,AIJA  ,ANCASH  
0402001,PROVINCIAS,AIJA  ,AIJA  ,ANCASH  
0402002,PROVINCIAS,CORIS  ,AIJA  ,ANCASH  
0402003,PROVINCIAS,HUACLLAN  ,AIJA  ,ANCASH  
0402004,PROVINCIAS,LA MERCED  ,AIJA  ,ANCASH  
0402005,PROVINCIAS,SUCCHA  ,AIJA  ,ANCASH  
0403000,PROVINCIAS,ANTONIO RAYMONDI  ,ANTONIO RAYMONDI  ,ANCASH  
0403001,PROVINCIAS,ACZO  ,ANTONIO RAYMONDI  ,ANCASH  
0403002,PROVINCIAS,CHACCHO  ,ANTONIO RAYMONDI  ,ANCASH  
0403003,PROVINCIAS,CHINGAS  ,ANTONIO RAYMONDI  ,ANCASH  
0403004,PROVINCIAS,LLAMELLIN  ,ANTONIO RAYMONDI  ,ANCASH  
0403005,PROVINCIAS,MIRGAS  ,ANTONIO RAYMONDI  ,ANCASH  
0403006,PROVINCIAS,SAN JUAN DE RONTOY  ,ANTONIO RAYMONDI  ,ANCASH  
0404000,PROVINCIAS,ASUNCION  ,ASUNCION  ,ANCASH  
0404001,PROVINCIAS,ACOCHACA  ,ASUNCION  ,ANCASH  
0404002,PROVINCIAS,CHACAS  ,ASUNCION  ,ANCASH  
0405000,PROVINCIAS,BOLOGNESI  ,BOLOGNESI  ,ANCASH  
0405001,PROVINCIAS,ABELARDO PARDO LEZAM  ,BOLOGNESI  ,ANCASH  
0405002,PROVINCIAS,ANTONIO RAYMONDI  ,BOLOGNESI  ,ANCASH  
0405003,PROVINCIAS,AQUIA  ,BOLOGNESI  ,ANCASH  
0405004,PROVINCIAS,CAJACAY  ,BOLOGNESI  ,ANCASH  
0405005,PROVINCIAS,CANIS  ,BOLOGNESI  ,ANCASH  
0405006,PROVINCIAS,CHIQUIAN  ,BOLOGNESI  ,ANCASH  
0405007,PROVINCIAS,COLQUIOC  ,BOLOGNESI  ,ANCASH  
0405008,PROVINCIAS,HUALLANCA  ,BOLOGNESI  ,ANCASH  
0405009,PROVINCIAS,HUASTA  ,BOLOGNESI  ,ANCASH  
0405010,PROVINCIAS,HUAYLLACAYAN  ,BOLOGNESI  ,ANCASH  
0405011,PROVINCIAS,LA PRIMAVERA  ,BOLOGNESI  ,ANCASH  
0405012,PROVINCIAS,MANGAS  ,BOLOGNESI  ,ANCASH  
0405013,PROVINCIAS,PACLLON  ,BOLOGNESI  ,ANCASH  
0405014,PROVINCIAS,SAN MIGUEL DE CORPAN ,BOLOGNESI  ,ANCASH  
0405015,PROVINCIAS,TICLLOS   ,BOLOGNESI  ,ANCASH  
0406000,PROVINCIAS,CARHUAZ   ,CARHUAZ   ,ANCASH  
0406001,PROVINCIAS,ACOPAMPA   ,CARHUAZ   ,ANCASH  
0406002,PROVINCIAS,AMASHCA   ,CARHUAZ   ,ANCASH  
0406003,PROVINCIAS,ANTA   ,CARHUAZ   ,ANCASH  
0406004,PROVINCIAS,ATAQUERO   ,CARHUAZ   ,ANCASH  
0406005,PROVINCIAS,CARHUAZ   ,CARHUAZ   ,ANCASH  
0406006,PROVINCIAS,MARCARA   ,CARHUAZ   ,ANCASH  
0406007,PROVINCIAS,PARIAHUANCA   ,CARHUAZ   ,ANCASH  
0406008,PROVINCIAS,SAN MIGUEL DE ACO   ,CARHUAZ   ,ANCASH  
0406009,PROVINCIAS,SHILLA  ,CARHUAZ   ,ANCASH  
0406010,PROVINCIAS,TINCO  ,CARHUAZ   ,ANCASH  
0406011,PROVINCIAS,YUNCAR  ,CARHUAZ   ,ANCASH  
0407000,PROVINCIAS,CARLOS F FITZCARRALD  ,CARLOS F FITZCARRALD  ,ANCASH  
0407001,PROVINCIAS,SAN LUIS  ,CARLOS F FITZCARRALD  ,ANCASH  
0407002,PROVINCIAS,SAN NICOLAS  ,CARLOS F FITZCARRALD  ,ANCASH  
0407003,PROVINCIAS,YAUYA  ,CARLOS F FITZCARRALD  ,ANCASH  
0407005,PROVINCIAS,MARCA  ,CARLOS F FITZCARRALD  ,ANCASH  
0407006,PROVINCIAS,PAMPAS CHICO  ,CARLOS F FITZCARRALD  ,ANCASH  
0408000,PROVINCIAS,CASMA  ,CASMA  ,ANCASH  
0408001,PROVINCIAS,BUENA VISTA ALTA  ,CASMA  ,ANCASH  
0408002,PROVINCIAS,CASMA  ,CASMA  ,ANCASH  
0408003,PROVINCIAS,COMANDANTE NOEL  ,CASMA  ,ANCASH  
0408004,PROVINCIAS,YAUTAN  ,CASMA  ,ANCASH  
0409000,PROVINCIAS,CORONGO  ,CORONGO  ,ANCASH  
0409001,PROVINCIAS,ACO  ,CORONGO  ,ANCASH  
0409002,PROVINCIAS,BAMBAS  ,CORONGO  ,ANCASH  
0409003,PROVINCIAS,CORONGO  ,CORONGO  ,ANCASH  
0409004,PROVINCIAS,CUSCA  ,CORONGO  ,ANCASH  
0409005,PROVINCIAS,LA PAMPA   ,CORONGO  ,ANCASH  
0409006,PROVINCIAS,YANAC   ,CORONGO  ,ANCASH  
0409007,PROVINCIAS,YUPAN   ,CORONGO  ,ANCASH  
0410000,PROVINCIAS,HUARI   ,HUARI   ,ANCASH  
0410001,PROVINCIAS,ANRA   ,HUARI   ,ANCASH  
0410002,PROVINCIAS,CAJAY   ,HUARI   ,ANCASH  
0410003,PROVINCIAS,CHAVIN DE HUANTAR ,HUARI   ,ANCASH  
0410004,PROVINCIAS,HUACACHI   ,HUARI   ,ANCASH  
0410005,PROVINCIAS,HUACCHIS   ,HUARI   ,ANCASH  
0410006,PROVINCIAS,HUACHIS   ,HUARI   ,ANCASH  
0410007,PROVINCIAS,HUANTAR   ,HUARI   ,ANCASH  
0410008,PROVINCIAS,HUARI   ,HUARI   ,ANCASH  
0410009,PROVINCIAS,MASIN   ,HUARI   ,ANCASH  
0410010,PROVINCIAS,PAUCAS   ,HUARI   ,ANCASH  
0410011,PROVINCIAS,PONTO   ,HUARI   ,ANCASH  
0410012,PROVINCIAS,RAHUAPAMPA   ,HUARI   ,ANCASH  
0410013,PROVINCIAS,RAPAYAN   ,HUARI   ,ANCASH  
0410014,PROVINCIAS,SAN MARCOS   ,HUARI   ,ANCASH  
0410015,PROVINCIAS,SAN PEDRO DE CHANA ,HUARI   ,ANCASH  
0410016,PROVINCIAS,UCO   ,HUARI   ,ANCASH  
0411000,PROVINCIAS,HUARMEY  ,HUARMEY  ,ANCASH  
0411001,PROVINCIAS,COCHAPETI  ,HUARMEY  ,ANCASH  
0411002,PROVINCIAS,CULEBRAS  ,HUARMEY  ,ANCASH  
0411003,PROVINCIAS,HUARMEY  ,HUARMEY  ,ANCASH  
0411004,PROVINCIAS,HUAYAN  ,HUARMEY  ,ANCASH  
0411005,PROVINCIAS,MALVAS  ,HUARMEY  ,ANCASH  
0412000,PROVINCIAS,HUAYLAS  ,HUAYLAS  ,ANCASH  
0412001,PROVINCIAS,CARAZ  ,HUAYLAS  ,ANCASH  
0412002,PROVINCIAS,HUALLANCA  ,HUAYLAS  ,ANCASH  
0412003,PROVINCIAS,HUATA  ,HUAYLAS  ,ANCASH  
0412004,PROVINCIAS,HUAYLAS  ,HUAYLAS  ,ANCASH  
0412005,PROVINCIAS,MATO  ,HUAYLAS  ,ANCASH  
0412006,PROVINCIAS,PAMPAROMAS  ,HUAYLAS  ,ANCASH  
0412007,PROVINCIAS,PUEBLO LIBRE  ,HUAYLAS  ,ANCASH  
0412008,PROVINCIAS,SANTA CRUZ  ,HUAYLAS  ,ANCASH  
0412009,PROVINCIAS,SANTO TORIBIO  ,HUAYLAS  ,ANCASH  
0412010,PROVINCIAS,YURACMARCA  ,HUAYLAS  ,ANCASH  
0413000,PROVINCIAS,MARISCAL LUZURIAGA  ,MARISCAL LUZURIAGA  ,ANCASH  
0413001,PROVINCIAS,CASCA  ,MARISCAL LUZURIAGA  ,ANCASH  
0413002,PROVINCIAS,ELEAZAR GUZMAN BARRO  ,MARISCAL LUZURIAGA  ,ANCASH  
0413003,PROVINCIAS,FIDEL OLIVAS ESCUDER  ,MARISCAL LUZURIAGA  ,ANCASH  
0413004,PROVINCIAS,LLAMA  ,MARISCAL LUZURIAGA  ,ANCASH  
0413005,PROVINCIAS,LLUMPA  ,MARISCAL LUZURIAGA  ,ANCASH  
0413006,PROVINCIAS,LUCMA  ,MARISCAL LUZURIAGA  ,ANCASH  
0413007,PROVINCIAS,MUSGA  ,MARISCAL LUZURIAGA  ,ANCASH  
0413008,PROVINCIAS,PISCOBAMBA  ,MARISCAL LUZURIAGA  ,ANCASH  
0414000,PROVINCIAS,OCROS  ,OCROS  ,ANCASH  
0414001,PROVINCIAS,ACAS  ,OCROS  ,ANCASH  
0414002,PROVINCIAS,CAJAMARQUILLA  ,OCROS  ,ANCASH  
0414003,PROVINCIAS,CARHUAPAMPA  ,OCROS  ,ANCASH  
0414004,PROVINCIAS,COCHAS  ,OCROS  ,ANCASH  
0414005,PROVINCIAS,CONGAS  ,OCROS  ,ANCASH  
0414006,PROVINCIAS,LLIPA  ,OCROS  ,ANCASH  
0414007,PROVINCIAS,OCROS  ,OCROS  ,ANCASH  
0414008,PROVINCIAS,SAN CRISTOBAL DE RAJ  ,OCROS  ,ANCASH  
0414009,PROVINCIAS,SAN PEDRO  ,OCROS  ,ANCASH  
0414010,PROVINCIAS,SANTIAGO DE CHILCAS  ,OCROS  ,ANCASH  
0415000,PROVINCIAS,PALLASCA  ,PALLASCA  ,ANCASH  
0415001,PROVINCIAS,BOLOGNESI  ,PALLASCA  ,ANCASH  
0415002,PROVINCIAS,CABANA  ,PALLASCA  ,ANCASH  
0415003,PROVINCIAS,CONCHUCOS  ,PALLASCA  ,ANCASH  
0415004,PROVINCIAS,HUANCASCHUQUE  ,PALLASCA  ,ANCASH  
0415005,PROVINCIAS,HUANDOVAL  ,PALLASCA  ,ANCASH  
0415006,PROVINCIAS,LACABAMBA  ,PALLASCA  ,ANCASH  
0415007,PROVINCIAS,LLAPO  ,PALLASCA  ,ANCASH  
0415008,PROVINCIAS,PALLASCA  ,PALLASCA  ,ANCASH  
0415009,PROVINCIAS,PAMPAS  ,PALLASCA  ,ANCASH  
0415010,PROVINCIAS,SANTA ROSA  ,PALLASCA  ,ANCASH  
0415011,PROVINCIAS,TAUCA  ,PALLASCA  ,ANCASH  
0416000,PROVINCIAS,POMABAMBA  ,POMABAMBA  ,ANCASH  
0416001,PROVINCIAS,HUAYLLAN  ,POMABAMBA  ,ANCASH  
0416002,PROVINCIAS,PAROBAMBA  ,POMABAMBA  ,ANCASH  
0416003,PROVINCIAS,POMABAMBA  ,POMABAMBA  ,ANCASH  
0416004,PROVINCIAS,QUINUABAMBA  ,POMABAMBA  ,ANCASH  
0417000,PROVINCIAS,RECUAY  ,RECUAY  ,ANCASH  
0417001,PROVINCIAS,CATAC  ,RECUAY  ,ANCASH  
0417002,PROVINCIAS,COTAPARACO  ,RECUAY  ,ANCASH  
0417003,PROVINCIAS,HUAYLLAPAMPA  ,RECUAY  ,ANCASH  
0417004,PROVINCIAS,LLACLLIN  ,RECUAY  ,ANCASH  
0417005,PROVINCIAS,MARCA  ,RECUAY  ,ANCASH  
0417006,PROVINCIAS,PAMPAS CHICO  ,RECUAY  ,ANCASH  
0417007,PROVINCIAS,PARARIN  ,RECUAY  ,ANCASH  
0417008,PROVINCIAS,RECUAY  ,RECUAY  ,ANCASH  
0417009,PROVINCIAS,TAPACOCHA  ,RECUAY  ,ANCASH  
0417010,PROVINCIAS,TICAPAMPA  ,RECUAY  ,ANCASH  
0418000,PROVINCIAS,SANTA  ,SANTA  ,ANCASH  
0418001,PROVINCIAS,CACERES DEL PERU  ,SANTA  ,ANCASH  
0418002,PROVINCIAS,CHIMBOTE  ,SANTA  ,ANCASH  
0418003,PROVINCIAS,COISHCO  ,SANTA  ,ANCASH  
0418004,PROVINCIAS,MACATE  ,SANTA  ,ANCASH  
0418005,PROVINCIAS,MORO  ,SANTA  ,ANCASH  
0418006,PROVINCIAS,NEPEÑA  ,SANTA  ,ANCASH  
0418007,PROVINCIAS,SAMANCO  ,SANTA  ,ANCASH  
0418008,PROVINCIAS,SANTA  ,SANTA  ,ANCASH  
0418009,PROVINCIAS,NUEVO CHIMBOTE  ,SANTA  ,ANCASH  
0419000,PROVINCIAS,SIHUAS  ,SIHUAS  ,ANCASH  
0419001,PROVINCIAS,ACOBAMBA  ,SIHUAS  ,ANCASH  
0419002,PROVINCIAS,ALFONSO UGARTE  ,SIHUAS  ,ANCASH  
0419003,PROVINCIAS,CASHAPAMPA  ,SIHUAS  ,ANCASH  
0419004,PROVINCIAS,CHINGALPO  ,SIHUAS  ,ANCASH  
0419005,PROVINCIAS,HUAYLLABAMBA  ,SIHUAS  ,ANCASH  
0419006,PROVINCIAS,QUICHES  ,SIHUAS  ,ANCASH  
0419007,PROVINCIAS,RAGASH  ,SIHUAS  ,ANCASH  
0419008,PROVINCIAS,SAN JUAN  ,SIHUAS  ,ANCASH  
0419009,PROVINCIAS,SICSIBAMBA  ,SIHUAS  ,ANCASH  
0419010,PROVINCIAS,SIHUAS  ,SIHUAS  ,ANCASH  
0420000,PROVINCIAS,YUNGAY  ,YUNGAY  ,ANCASH  
0420001,PROVINCIAS,CASCAPARA  ,YUNGAY  ,ANCASH  
0420002,PROVINCIAS,MANCOS  ,YUNGAY  ,ANCASH  
0420003,PROVINCIAS,MATACOTO  ,YUNGAY  ,ANCASH  
0420004,PROVINCIAS,QUILLO  ,YUNGAY  ,ANCASH  
0420005,PROVINCIAS,RANRAHIRCA  ,YUNGAY  ,ANCASH  
0420006,PROVINCIAS,SHUPLUY  ,YUNGAY  ,ANCASH  
0420007,PROVINCIAS,YANAMA  ,YUNGAY  ,ANCASH  
0420008,PROVINCIAS,YUNGAY  ,YUNGAY  ,ANCASH  
0500000,PROVINCIAS,APURIMAC  ,APURIMAC  ,APURIMAC  
0501000,PROVINCIAS,ABANCAY  ,ABANCAY  ,APURIMAC  
0501001,PROVINCIAS,ABANCAY  ,ABANCAY  ,APURIMAC  
0501002,PROVINCIAS,CHACOCHE  ,ABANCAY  ,APURIMAC  
0501003,PROVINCIAS,CIRCA  ,ABANCAY  ,APURIMAC  
0501004,PROVINCIAS,CURAHUASI   ,ABANCAY  ,APURIMAC  
0501005,PROVINCIAS,HUANIPACA   ,ABANCAY  ,APURIMAC  
0501006,PROVINCIAS,LAMBRAMA   ,ABANCAY  ,APURIMAC  
0501007,PROVINCIAS,PICHIRHUA   ,ABANCAY  ,APURIMAC  
0501008,PROVINCIAS,SAN PEDRO DE CACHORA ,ABANCAY  ,APURIMAC  
0501009,PROVINCIAS,TAMBURCO   ,ABANCAY  ,APURIMAC  
0502000,PROVINCIAS,ANDAHUAYLAS   ,ANDAHUAYLAS   ,APURIMAC  
0502001,PROVINCIAS,ANDAHUAYLAS   ,ANDAHUAYLAS   ,APURIMAC  
0502002,PROVINCIAS,ANDARAPA   ,ANDAHUAYLAS   ,APURIMAC  
0502003,PROVINCIAS,CHIARA   ,ANDAHUAYLAS   ,APURIMAC  
0502004,PROVINCIAS,HUANCARAMA   ,ANDAHUAYLAS   ,APURIMAC  
0502005,PROVINCIAS,HUANCARAY   ,ANDAHUAYLAS   ,APURIMAC  
0502006,PROVINCIAS,HUAYANA   ,ANDAHUAYLAS   ,APURIMAC  
0502007,PROVINCIAS,KISHUARA   ,ANDAHUAYLAS   ,APURIMAC  
0502008,PROVINCIAS,PACOBAMBA   ,ANDAHUAYLAS   ,APURIMAC  
0502009,PROVINCIAS,PACUCHA   ,ANDAHUAYLAS   ,APURIMAC  
0502010,PROVINCIAS,PAMPACHIRI   ,ANDAHUAYLAS   ,APURIMAC  
0502011,PROVINCIAS,POMACOCHA   ,ANDAHUAYLAS   ,APURIMAC  
0502012,PROVINCIAS,SAN ANTONIO DE CACHI ,ANDAHUAYLAS   ,APURIMAC  
0502013,PROVINCIAS,SAN JERONIMO   ,ANDAHUAYLAS   ,APURIMAC  
0502014,PROVINCIAS,SAN MIGUEL DE CHACCR   ,ANDAHUAYLAS   ,APURIMAC  
0502015,PROVINCIAS,SANTA MARIA DE CHICM  ,ANDAHUAYLAS   ,APURIMAC  
0502016,PROVINCIAS,TALAVERA  ,ANDAHUAYLAS   ,APURIMAC  
0502017,PROVINCIAS,TUMAY HUARACA  ,ANDAHUAYLAS   ,APURIMAC  
0502018,PROVINCIAS,TURPO  ,ANDAHUAYLAS   ,APURIMAC  
0502019,PROVINCIAS,KAQUIABAMBA  ,ANDAHUAYLAS   ,APURIMAC  
0503000,PROVINCIAS,ANTABAMBA  ,ANTABAMBA  ,APURIMAC  
0503001,PROVINCIAS,ANTABAMBA  ,ANTABAMBA  ,APURIMAC  
0503002,PROVINCIAS,EL ORO  ,ANTABAMBA  ,APURIMAC  
0503003,PROVINCIAS,HUAQUIRCA  ,ANTABAMBA  ,APURIMAC  
0503004,PROVINCIAS,JUAN ESPINOZA MEDRAN ,ANTABAMBA  ,APURIMAC  
0503005,PROVINCIAS,OROPESA   ,ANTABAMBA  ,APURIMAC  
0503006,PROVINCIAS,PACHACONAS   ,ANTABAMBA  ,APURIMAC  
0503007,PROVINCIAS,SABAINO   ,ANTABAMBA  ,APURIMAC  
0504000,PROVINCIAS,AYMARAES   ,AYMARAES   ,APURIMAC  
0504001,PROVINCIAS,CAPAYA   ,AYMARAES   ,APURIMAC  
0504002,PROVINCIAS,CARAYBAMBA   ,AYMARAES   ,APURIMAC  
0504003,PROVINCIAS,CHALHUANCA   ,AYMARAES   ,APURIMAC  
0504004,PROVINCIAS,CHAPIMARCA   ,AYMARAES   ,APURIMAC  
0504005,PROVINCIAS,COLCABAMBA   ,AYMARAES   ,APURIMAC  
0504006,PROVINCIAS,COTARUSE   ,AYMARAES   ,APURIMAC  
0504007,PROVINCIAS,HUAYLLO  ,AYMARAES   ,APURIMAC  
0504008,PROVINCIAS,JUSTO APU SAHUARAURA  ,AYMARAES   ,APURIMAC  
0504009,PROVINCIAS,LUCRE  ,AYMARAES   ,APURIMAC  
0504010,PROVINCIAS,POCOHUANCA  ,AYMARAES   ,APURIMAC  
0504011,PROVINCIAS,SAN JUAN DE CHACñA  ,AYMARAES   ,APURIMAC  
0504012,PROVINCIAS,SAÑAYCA  ,AYMARAES   ,APURIMAC  
0504013,PROVINCIAS,SORAYA  ,AYMARAES   ,APURIMAC  
0504014,PROVINCIAS,TAPAIRIHUA  ,AYMARAES   ,APURIMAC  
0504015,PROVINCIAS,TINTAY  ,AYMARAES   ,APURIMAC  
0504016,PROVINCIAS,TORAYA  ,AYMARAES   ,APURIMAC  
0504017,PROVINCIAS,YANACA  ,AYMARAES   ,APURIMAC  
0505000,PROVINCIAS,CHINCHEROS  ,CHINCHEROS  ,APURIMAC  
0505001,PROVINCIAS,ANCO HUAYLLO  ,CHINCHEROS  ,APURIMAC  
0505002,PROVINCIAS,CHINCHEROS  ,CHINCHEROS  ,APURIMAC  
0505003,PROVINCIAS,COCHARCAS  ,CHINCHEROS  ,APURIMAC  
0505004,PROVINCIAS,HUACCANA  ,CHINCHEROS  ,APURIMAC  
0505005,PROVINCIAS,OCOBAMBA  ,CHINCHEROS  ,APURIMAC  
0505006,PROVINCIAS,ONGOY  ,CHINCHEROS  ,APURIMAC  
0505007,PROVINCIAS,URANMARCA  ,CHINCHEROS  ,APURIMAC  
0505008,PROVINCIAS,RANRACANCHA  ,CHINCHEROS  ,APURIMAC  
0506000,PROVINCIAS,COTABAMBAS  ,COTABAMBAS  ,APURIMAC  
0506001,PROVINCIAS,COTABAMBAS  ,COTABAMBAS  ,APURIMAC  
0506002,PROVINCIAS,COYLLURQUI  ,COTABAMBAS  ,APURIMAC  
0506003,PROVINCIAS,HAQUIRA  ,COTABAMBAS  ,APURIMAC  
0506004,PROVINCIAS,MARA  ,COTABAMBAS  ,APURIMAC  
0506005,PROVINCIAS,TAMBOBAMBA  ,COTABAMBAS  ,APURIMAC  
0507000,PROVINCIAS,GRAU  ,GRAU  ,APURIMAC  
0507001,PROVINCIAS,CHUQUIBAMBILLA  ,GRAU  ,APURIMAC  
0507002,PROVINCIAS,CURPAHUASI  ,GRAU  ,APURIMAC  
0507003,PROVINCIAS,GAMARRA  ,GRAU  ,APURIMAC  
0507004,PROVINCIAS,HUAYLLATI  ,GRAU  ,APURIMAC  
0507005,PROVINCIAS,MAMARA  ,GRAU  ,APURIMAC  
0507006,PROVINCIAS,MICAELA BASTIDAS  ,GRAU  ,APURIMAC  
0507007,PROVINCIAS,PATAYPAMPA  ,GRAU  ,APURIMAC  
0507008,PROVINCIAS,PROGRESO  ,GRAU  ,APURIMAC  
0507009,PROVINCIAS,SAN ANTONIO  ,GRAU  ,APURIMAC  
0507010,PROVINCIAS,SANTA ROSA  ,GRAU  ,APURIMAC  
0507011,PROVINCIAS,TURPAY  ,GRAU  ,APURIMAC  
0507012,PROVINCIAS,VILCABAMBA  ,GRAU  ,APURIMAC  
0507013,PROVINCIAS,VIRUNDO  ,GRAU  ,APURIMAC  
0507014,PROVINCIAS,CURASCO  ,GRAU  ,APURIMAC  
0508006,PROVINCIAS,CHALLHUAHUACHO  ,GRAU  ,APURIMAC  
0600000,PROVINCIAS,AREQUIPA  ,AREQUIPA  ,AREQUIPA  
0601000,PROVINCIAS,AREQUIPA  ,AREQUIPA  ,AREQUIPA  
0601001,PROVINCIAS,ALTO SELVA ALEGRE  ,AREQUIPA  ,AREQUIPA  
0601002,PROVINCIAS,AREQUIPA  ,AREQUIPA  ,AREQUIPA  
0601003,PROVINCIAS,CAYMA  ,AREQUIPA  ,AREQUIPA  
0601004,PROVINCIAS,CERRO COLORADO  ,AREQUIPA  ,AREQUIPA  
0601005,PROVINCIAS,CHARACATO  ,AREQUIPA  ,AREQUIPA  
0601006,PROVINCIAS,CHIGUATA  ,AREQUIPA  ,AREQUIPA  
0601007,PROVINCIAS,JACOBO HUNTER  ,AREQUIPA  ,AREQUIPA  
0601008,PROVINCIAS,LA JOYA  ,AREQUIPA  ,AREQUIPA  
0601009,PROVINCIAS,MARIANO MELGAR  ,AREQUIPA  ,AREQUIPA  
0601010,PROVINCIAS,MIRAFLORES  ,AREQUIPA  ,AREQUIPA  
0601011,PROVINCIAS,MOLLEBAYA  ,AREQUIPA  ,AREQUIPA  
0601012,PROVINCIAS,PAUCARPATA  ,AREQUIPA  ,AREQUIPA  
0601013,PROVINCIAS,POCSI  ,AREQUIPA  ,AREQUIPA  
0601014,PROVINCIAS,POLOBAYA  ,AREQUIPA  ,AREQUIPA  
0601015,PROVINCIAS,QUEQUEÑA  ,AREQUIPA  ,AREQUIPA  
0601016,PROVINCIAS,SABANDIA  ,AREQUIPA  ,AREQUIPA  
0601017,PROVINCIAS,SACHACA  ,AREQUIPA  ,AREQUIPA  
0601018,PROVINCIAS,SAN JUAN DE SIGUAS  ,AREQUIPA  ,AREQUIPA  
0601019,PROVINCIAS,SAN JUAN DE TARUCANI  ,AREQUIPA  ,AREQUIPA  
0601020,PROVINCIAS,SANTA ISABEL DE SIGU  ,AREQUIPA  ,AREQUIPA  
0601021,PROVINCIAS,SANTA RITA DE SIGUAS  ,AREQUIPA  ,AREQUIPA  
0601022,PROVINCIAS,SOCABAYA  ,AREQUIPA  ,AREQUIPA  
0601023,PROVINCIAS,TIABAYA  ,AREQUIPA  ,AREQUIPA  
0601024,PROVINCIAS,UCHUMAYO  ,AREQUIPA  ,AREQUIPA  
0601025,PROVINCIAS,VITOR  ,AREQUIPA  ,AREQUIPA  
0601026,PROVINCIAS,YANAHUARA  ,AREQUIPA  ,AREQUIPA  
0601027,PROVINCIAS,YARABAMBA  ,AREQUIPA  ,AREQUIPA  
0601028,PROVINCIAS,YURA  ,AREQUIPA  ,AREQUIPA  
0601029,PROVINCIAS,JOSE LUIS BUSTAMANTE  ,AREQUIPA  ,AREQUIPA  
0602000,PROVINCIAS,CAMANA  ,CAMANA  ,AREQUIPA  
0602001,PROVINCIAS,CAMANA  ,CAMANA  ,AREQUIPA  
0602002,PROVINCIAS,JOSE MARIA QUIMPER  ,CAMANA  ,AREQUIPA  
0602003,PROVINCIAS,MARIANO N. VALCARCEL  ,CAMANA  ,AREQUIPA  
0602004,PROVINCIAS,MARISCAL CACERES  ,CAMANA  ,AREQUIPA  
0602005,PROVINCIAS,NICOLAS DE PIEROLA  ,CAMANA  ,AREQUIPA  
0602006,PROVINCIAS,OCOÑA  ,CAMANA  ,AREQUIPA  
0602007,PROVINCIAS,QUILCA  ,CAMANA  ,AREQUIPA  
0602008,PROVINCIAS,SAMUEL PASTOR  ,CAMANA  ,AREQUIPA  
0603000,PROVINCIAS,CARAVELLI  ,CARAVELLI  ,AREQUIPA  
0603001,PROVINCIAS,ACARI  ,CARAVELLI  ,AREQUIPA  
0603002,PROVINCIAS,ATICO  ,CARAVELLI  ,AREQUIPA  
0603003,PROVINCIAS,ATIQUIPA  ,CARAVELLI  ,AREQUIPA  
0603004,PROVINCIAS,BELLA UNION  ,CARAVELLI  ,AREQUIPA  
0603005,PROVINCIAS,CAHUACHO  ,CARAVELLI  ,AREQUIPA  
0603006,PROVINCIAS,CARAVELLI  ,CARAVELLI  ,AREQUIPA  
0603007,PROVINCIAS,CHALA  ,CARAVELLI  ,AREQUIPA  
0603008,PROVINCIAS,CHAPARRA  ,CARAVELLI  ,AREQUIPA  
0603009,PROVINCIAS,HUANUHUANU  ,CARAVELLI  ,AREQUIPA  
0603010,PROVINCIAS,JAQUI  ,CARAVELLI  ,AREQUIPA  
0603011,PROVINCIAS,LOMAS  ,CARAVELLI  ,AREQUIPA  
0603012,PROVINCIAS,QUICACHA  ,CARAVELLI  ,AREQUIPA  
0603013,PROVINCIAS,YAUCA  ,CARAVELLI  ,AREQUIPA  
0604000,PROVINCIAS,CASTILLA  ,CASTILLA  ,AREQUIPA  
0604001,PROVINCIAS,ANDAGUA  ,CASTILLA  ,AREQUIPA  
0604002,PROVINCIAS,APLAO  ,CASTILLA  ,AREQUIPA  
0604003,PROVINCIAS,AYO  ,CASTILLA  ,AREQUIPA  
0604004,PROVINCIAS,CHACHAS  ,CASTILLA  ,AREQUIPA  
0604005,PROVINCIAS,CHILCAYMARCA  ,CASTILLA  ,AREQUIPA  
0604006,PROVINCIAS,CHOCO  ,CASTILLA  ,AREQUIPA  
0604007,PROVINCIAS,HUANCARQUI  ,CASTILLA  ,AREQUIPA  
0604008,PROVINCIAS,MACHAGUAY  ,CASTILLA  ,AREQUIPA  
0604009,PROVINCIAS,ORCOPAMPA  ,CASTILLA  ,AREQUIPA  
0604010,PROVINCIAS,PAMPACOLCA  ,CASTILLA  ,AREQUIPA  
0604011,PROVINCIAS,TIPAN  ,CASTILLA  ,AREQUIPA  
0604012,PROVINCIAS,UÑON  ,CASTILLA  ,AREQUIPA  
0604013,PROVINCIAS,URACA  ,CASTILLA  ,AREQUIPA  
0604014,PROVINCIAS,VIRACO  ,CASTILLA  ,AREQUIPA  
0605000,PROVINCIAS,CAYLLOMA  ,CAYLLOMA  ,AREQUIPA  
0605001,PROVINCIAS,ACHOMA  ,CAYLLOMA  ,AREQUIPA  
0605002,PROVINCIAS,CABANACONDE  ,CAYLLOMA  ,AREQUIPA  
0605003,PROVINCIAS,CALLALLI  ,CAYLLOMA  ,AREQUIPA  
0605004,PROVINCIAS,CAYLLOMA  ,CAYLLOMA  ,AREQUIPA  
0605005,PROVINCIAS,CHIVAY  ,CAYLLOMA  ,AREQUIPA  
0605006,PROVINCIAS,COPARAQUE  ,CAYLLOMA  ,AREQUIPA  
0605007,PROVINCIAS,HUAMBO  ,CAYLLOMA  ,AREQUIPA  
0605008,PROVINCIAS,HUANCA    ,CAYLLOMA  ,AREQUIPA  
0605009,PROVINCIAS,ICHUPAMPA    ,CAYLLOMA  ,AREQUIPA  
0605010,PROVINCIAS,LARI    ,CAYLLOMA  ,AREQUIPA  
0605011,PROVINCIAS,LLUTA    ,CAYLLOMA  ,AREQUIPA  
0605012,PROVINCIAS,MACA    ,CAYLLOMA  ,AREQUIPA  
0605013,PROVINCIAS,MADRIGAL    ,CAYLLOMA  ,AREQUIPA  
0605014,PROVINCIAS,SAN ANTONIO DE CHUCA,CAYLLOMA  ,AREQUIPA  
0605015,PROVINCIAS,SIBAYO    ,CAYLLOMA  ,AREQUIPA  
0605016,PROVINCIAS,TAPAY    ,CAYLLOMA  ,AREQUIPA  
0605017,PROVINCIAS,TISCO    ,CAYLLOMA  ,AREQUIPA  
0605018,PROVINCIAS,TUTI    ,CAYLLOMA  ,AREQUIPA  
0605019,PROVINCIAS,YANQUE  ,CAYLLOMA  ,AREQUIPA  
0605020,PROVINCIAS,MAJES  ,CAYLLOMA  ,AREQUIPA  
0606000,PROVINCIAS,CONDESUYOS  ,CONDESUYOS  ,AREQUIPA  
0606001,PROVINCIAS,ANDARAY  ,CONDESUYOS  ,AREQUIPA  
0606002,PROVINCIAS,CAYARANI  ,CONDESUYOS  ,AREQUIPA  
0606003,PROVINCIAS,CHICHAS  ,CONDESUYOS  ,AREQUIPA  
0606004,PROVINCIAS,CHUQUIBAMBA  ,CONDESUYOS  ,AREQUIPA  
0606005,PROVINCIAS,IRAY  ,CONDESUYOS  ,AREQUIPA  
0606006,PROVINCIAS,RIO GRANDE  ,CONDESUYOS  ,AREQUIPA  
0606007,PROVINCIAS,SALAMANCA  ,CONDESUYOS  ,AREQUIPA  
0606008,PROVINCIAS,YANAQUIHUA  ,CONDESUYOS  ,AREQUIPA  
0607000,PROVINCIAS,ISLAY  ,ISLAY  ,AREQUIPA  
0607001,PROVINCIAS,COCACHACRA  ,ISLAY  ,AREQUIPA  
0607002,PROVINCIAS,DEAN VALDIVIA  ,ISLAY  ,AREQUIPA  
0607003,PROVINCIAS,ISLAY  ,ISLAY  ,AREQUIPA  
0607004,PROVINCIAS,MEJIA  ,ISLAY  ,AREQUIPA  
0607005,PROVINCIAS,MOLLENDO  ,ISLAY  ,AREQUIPA  
0607006,PROVINCIAS,PUNTA DE BPMBON  ,ISLAY  ,AREQUIPA  
0608000,PROVINCIAS,LA UNION  ,LA UNION  ,AREQUIPA  
0608001,PROVINCIAS,ALCA  ,LA UNION  ,AREQUIPA  
0608002,PROVINCIAS,CHARCANA  ,LA UNION  ,AREQUIPA  
0608003,PROVINCIAS,COTAHUASI  ,LA UNION  ,AREQUIPA  
0608004,PROVINCIAS,HUAYNACOTAS  ,LA UNION  ,AREQUIPA  
0608005,PROVINCIAS,PAMPAMARCA  ,LA UNION  ,AREQUIPA  
0608006,PROVINCIAS,PUYCA  ,LA UNION  ,AREQUIPA  
0608007,PROVINCIAS,QUECHUALLA  ,LA UNION  ,AREQUIPA  
0608008,PROVINCIAS,SAYLA  ,LA UNION  ,AREQUIPA  
0608009,PROVINCIAS,TAURIA  ,LA UNION  ,AREQUIPA  
0608010,PROVINCIAS,TOMEPAMPA  ,LA UNION  ,AREQUIPA  
0608011,PROVINCIAS,TORO  ,LA UNION  ,AREQUIPA  
0700000,PROVINCIAS,AYACUCHO  ,AYACUCHO  ,AYACUCHO  
0701000,PROVINCIAS,HUAMANGA  ,HUAMANGA  ,AYACUCHO  
0701001,PROVINCIAS,ACOCRO  ,HUAMANGA  ,AYACUCHO  
0701002,PROVINCIAS,ACOS VINCHOS  ,HUAMANGA  ,AYACUCHO  
0701003,PROVINCIAS,AYACUCHO  ,HUAMANGA  ,AYACUCHO  
0701004,PROVINCIAS,CARMEN ALTO  ,HUAMANGA  ,AYACUCHO  
0701005,PROVINCIAS,CHIARA  ,HUAMANGA  ,AYACUCHO  
0701006,PROVINCIAS,OCROS  ,HUAMANGA  ,AYACUCHO  
0701007,PROVINCIAS,PACAYCASA  ,HUAMANGA  ,AYACUCHO  
0701008,PROVINCIAS,QUINUA  ,HUAMANGA  ,AYACUCHO  
0701009,PROVINCIAS,SAN JOSE DE TICLLAS  ,HUAMANGA  ,AYACUCHO  
0701010,PROVINCIAS,SAN JUAN BAUTISTA  ,HUAMANGA  ,AYACUCHO  
0701011,PROVINCIAS,SANTIAGO DE PISCHA  ,HUAMANGA  ,AYACUCHO  
0701012,PROVINCIAS,SOCOS  ,HUAMANGA  ,AYACUCHO  
0701013,PROVINCIAS,TAMBILLO  ,HUAMANGA  ,AYACUCHO  
0701014,PROVINCIAS,VINCHOS  ,HUAMANGA  ,AYACUCHO  
0701015,PROVINCIAS,JESUS NAZARENO  ,HUAMANGA  ,AYACUCHO  
0702000,PROVINCIAS,CANGALLO  ,CANGALLO  ,AYACUCHO  
0702001,PROVINCIAS,CANGALLO  ,CANGALLO  ,AYACUCHO  
0702002,PROVINCIAS,CHUSCHI  ,CANGALLO  ,AYACUCHO  
0702003,PROVINCIAS,LOS MOROCHUCOS  ,CANGALLO  ,AYACUCHO  
0702004,PROVINCIAS,MARIA PARADO DE BELL  ,CANGALLO  ,AYACUCHO  
0702005,PROVINCIAS,PARAS  ,CANGALLO  ,AYACUCHO  
0702006,PROVINCIAS,TOTOS  ,CANGALLO  ,AYACUCHO  
0703000,PROVINCIAS,HUANCA SANCOS  ,HUANCA SANCOS  ,AYACUCHO  
0703001,PROVINCIAS,CARAPO  ,HUANCA SANCOS  ,AYACUCHO  
0703002,PROVINCIAS,SACSAMARCA  ,HUANCA SANCOS  ,AYACUCHO  
0703003,PROVINCIAS,SANCOS  ,HUANCA SANCOS  ,AYACUCHO  
0703004,PROVINCIAS,SANTIAGO DE LUCANAMA  ,HUANCA SANCOS  ,AYACUCHO  
0704000,PROVINCIAS,HUANTA  ,HUANTA  ,AYACUCHO  
0704001,PROVINCIAS,AYAHUANCO  ,HUANTA  ,AYACUCHO  
0704002,PROVINCIAS,HUAMANGUILLA  ,HUANTA  ,AYACUCHO  
0704003,PROVINCIAS,6UANTA  ,HUANTA  ,AYACUCHO  
0704004,PROVINCIAS,IGUAIN  ,HUANTA  ,AYACUCHO  
0704005,PROVINCIAS,LURICOCHA  ,HUANTA  ,AYACUCHO  
0704006,PROVINCIAS,SANTILLANA  ,HUANTA  ,AYACUCHO  
0704007,PROVINCIAS,SIVIA  ,HUANTA  ,AYACUCHO  
0704008,PROVINCIAS,LLOCHEGUA  ,HUANTA  ,AYACUCHO  
0705000,PROVINCIAS,LA MAR  ,LA MAR  ,AYACUCHO  
0705001,PROVINCIAS,ANCO  ,LA MAR  ,AYACUCHO  
0705002,PROVINCIAS,AYNA  ,LA MAR  ,AYACUCHO  
0705003,PROVINCIAS,CHILCAS  ,LA MAR  ,AYACUCHO  
0705004,PROVINCIAS,CHUNGUI  ,LA MAR  ,AYACUCHO  
0705005,PROVINCIAS,LUIS CARRANZA  ,LA MAR  ,AYACUCHO  
0705006,PROVINCIAS,SAN MIGUEL  ,LA MAR  ,AYACUCHO  
0705007,PROVINCIAS,SANTA ROSA  ,LA MAR  ,AYACUCHO  
0705008,PROVINCIAS,TAMBO  ,LA MAR  ,AYACUCHO  
0706000,PROVINCIAS,LUCANAS  ,LUCANAS  ,AYACUCHO  
0706001,PROVINCIAS,AUCARA  ,LUCANAS  ,AYACUCHO  
0706002,PROVINCIAS,CABANA  ,LUCANAS  ,AYACUCHO  
0706003,PROVINCIAS,CARMEN SALCEDO  ,LUCANAS  ,AYACUCHO  
0706004,PROVINCIAS,CHAVIñA  ,LUCANAS  ,AYACUCHO  
0706005,PROVINCIAS,CHIPAO  ,LUCANAS  ,AYACUCHO  
0706006,PROVINCIAS,HUAC HUAS  ,LUCANAS  ,AYACUCHO  
0706007,PROVINCIAS,LARAMATE  ,LUCANAS  ,AYACUCHO  
0706008,PROVINCIAS,LEONCIO PRADO  ,LUCANAS  ,AYACUCHO  
0706009,PROVINCIAS,LLAUTA  ,LUCANAS  ,AYACUCHO  
0706010,PROVINCIAS,LUCANAS  ,LUCANAS  ,AYACUCHO  
0706011,PROVINCIAS,OCAÑA  ,LUCANAS  ,AYACUCHO  
0706012,PROVINCIAS,OTOCA  ,LUCANAS  ,AYACUCHO  
0706013,PROVINCIAS,PUQUIO  ,LUCANAS  ,AYACUCHO  
0706014,PROVINCIAS,SAISA  ,LUCANAS  ,AYACUCHO  
0706015,PROVINCIAS,SAN CRISTOBAL  ,LUCANAS  ,AYACUCHO  
0706016,PROVINCIAS,SAN JUAN  ,LUCANAS  ,AYACUCHO  
0706017,PROVINCIAS,SAN PEDRO  ,LUCANAS  ,AYACUCHO  
0706018,PROVINCIAS,SAN PEDRO DE PALCO  ,LUCANAS  ,AYACUCHO  
0706019,PROVINCIAS,SANCOS  ,LUCANAS  ,AYACUCHO  
0706020,PROVINCIAS,SANTA ANA DE HUANCAY  ,LUCANAS  ,AYACUCHO  
0706021,PROVINCIAS,SANTA LUCIA  ,LUCANAS  ,AYACUCHO  
0707000,PROVINCIAS,PARINACOCHAS  ,PARINACOCHAS  ,AYACUCHO  
0707001,PROVINCIAS,CHUMPI  ,PARINACOCHAS  ,AYACUCHO  
0707002,PROVINCIAS,CORACORA  ,PARINACOCHAS  ,AYACUCHO  
0707003,PROVINCIAS,CORONEL CASTAñEDA  ,PARINACOCHAS  ,AYACUCHO  
0707004,PROVINCIAS,PACAPAUSA  ,PARINACOCHAS  ,AYACUCHO  
0707005,PROVINCIAS,PULLO  ,PARINACOCHAS  ,AYACUCHO  
0707006,PROVINCIAS,PUYUSCA  ,PARINACOCHAS  ,AYACUCHO  
0707007,PROVINCIAS,SAN FRANCISCO RAVACA  ,PARINACOCHAS  ,AYACUCHO  
0707008,PROVINCIAS,UPAHUACHO  ,PARINACOCHAS  ,AYACUCHO  
0708000,PROVINCIAS,PAUCAR DEL SARA SARA  ,PAUCAR DEL SARA SARA  ,AYACUCHO  
0708001,PROVINCIAS,COLTA  ,PAUCAR DEL SARA SARA  ,AYACUCHO  
0708002,PROVINCIAS,CORCULLA  ,PAUCAR DEL SARA SARA  ,AYACUCHO  
0708003,PROVINCIAS,LAMPA  ,PAUCAR DEL SARA SARA  ,AYACUCHO  
0708004,PROVINCIAS,MARCABAMBA  ,PAUCAR DEL SARA SARA  ,AYACUCHO  
0708005,PROVINCIAS,OYOLO  ,PAUCAR DEL SARA SARA  ,AYACUCHO  
0708006,PROVINCIAS,PARARCA  ,PAUCAR DEL SARA SARA  ,AYACUCHO  
0708007,PROVINCIAS,PAUSA  ,PAUCAR DEL SARA SARA  ,AYACUCHO  
0708008,PROVINCIAS,SAN JAVIER DE ALPABA  ,PAUCAR DEL SARA SARA  ,AYACUCHO  
0708009,PROVINCIAS,SAN JOSE DE USHUA  ,PAUCAR DEL SARA SARA  ,AYACUCHO  
0708010,PROVINCIAS,SARA SARA  ,PAUCAR DEL SARA SARA  ,AYACUCHO  
0708011,PROVINCIAS,    ,PAUCAR DEL SARA SARA  ,AYACUCHO  
0709000,PROVINCIAS,SUCRE   ,SUCRE   ,AYACUCHO  
0709001,PROVINCIAS,BELEN   ,SUCRE   ,AYACUCHO  
0709002,PROVINCIAS,CHALCOS   ,SUCRE   ,AYACUCHO  
0709003,PROVINCIAS,CHILCAYOC   ,SUCRE   ,AYACUCHO  
0709004,PROVINCIAS,HUACAñA   ,SUCRE   ,AYACUCHO  
0709005,PROVINCIAS,MORCOLLA   ,SUCRE   ,AYACUCHO  
0709006,PROVINCIAS,PAICO   ,SUCRE   ,AYACUCHO  
0709007,PROVINCIAS,QUEROBAMBA   ,SUCRE   ,AYACUCHO  
0709008,PROVINCIAS,SAN PEDRO DE LARCAY ,SUCRE   ,AYACUCHO  
0709009,PROVINCIAS,SAN SALVADOR DE QUIJ   ,SUCRE   ,AYACUCHO  
0709010,PROVINCIAS,SANTIAGO DE PAUCARAY  ,SUCRE   ,AYACUCHO  
0709011,PROVINCIAS,SORAS  ,SUCRE   ,AYACUCHO  
0710000,PROVINCIAS,VICTOR FAJARDO  ,VICTOR FAJARDO  ,AYACUCHO  
0710001,PROVINCIAS,ALCAMENCA  ,VICTOR FAJARDO  ,AYACUCHO  
0710002,PROVINCIAS,APONGO  ,VICTOR FAJARDO  ,AYACUCHO  
0710003,PROVINCIAS,ASQUIPATA  ,VICTOR FAJARDO  ,AYACUCHO  
0710004,PROVINCIAS,CANARIA  ,VICTOR FAJARDO  ,AYACUCHO  
0710005,PROVINCIAS,CAYARA  ,VICTOR FAJARDO  ,AYACUCHO  
0710006,PROVINCIAS,COLCA  ,VICTOR FAJARDO  ,AYACUCHO  
0710007,PROVINCIAS,HUAMANQUIQUIA  ,VICTOR FAJARDO  ,AYACUCHO  
0710008,PROVINCIAS,HUANCAPI  ,VICTOR FAJARDO  ,AYACUCHO  
0710009,PROVINCIAS,HUANCARAYLLA  ,VICTOR FAJARDO  ,AYACUCHO  
0710010,PROVINCIAS,HUAYA  ,VICTOR FAJARDO  ,AYACUCHO  
0710011,PROVINCIAS,SARHUA  ,VICTOR FAJARDO  ,AYACUCHO  
0710012,PROVINCIAS,VILCANCHOS  ,VICTOR FAJARDO  ,AYACUCHO  
0711000,PROVINCIAS,VILCAS HUAMAN  ,VILCAS HUAMAN  ,AYACUCHO  
0711001,PROVINCIAS,ACCOMARCA  ,VILCAS HUAMAN  ,AYACUCHO  
0711002,PROVINCIAS,CARHUANCA  ,VILCAS HUAMAN  ,AYACUCHO  
0711003,PROVINCIAS,CONCEPCION  ,VILCAS HUAMAN  ,AYACUCHO  
0711004,PROVINCIAS,HUAMBALPA  ,VILCAS HUAMAN  ,AYACUCHO  
0711005,PROVINCIAS,INDEPENDENCIA  ,VILCAS HUAMAN  ,AYACUCHO  
0711006,PROVINCIAS,SAURAMA  ,VILCAS HUAMAN  ,AYACUCHO  
0711007,PROVINCIAS,VILCAS HUAMAN  ,VILCAS HUAMAN  ,AYACUCHO  
0711008,PROVINCIAS,VISHONGO  ,VILCAS HUAMAN  ,AYACUCHO  
0800000,PROVINCIAS,CAJAMARCA  ,CAJAMARCA  ,CAJAMARCA  
0801000,PROVINCIAS,CAJAMARCA  ,CAJAMARCA  ,CAJAMARCA  
0801001,PROVINCIAS,ASUNCION  ,CAJAMARCA  ,CAJAMARCA  
0801002,PROVINCIAS,CAJAMARCA  ,CAJAMARCA  ,CAJAMARCA  
0801003,PROVINCIAS,CHETILLA  ,CAJAMARCA  ,CAJAMARCA  
0801004,PROVINCIAS,COSPAN    ,CAJAMARCA  ,CAJAMARCA  
0801005,PROVINCIAS,ENCAÑADA    ,CAJAMARCA  ,CAJAMARCA  
0801006,PROVINCIAS,JESUS    ,CAJAMARCA  ,CAJAMARCA  
0801007,PROVINCIAS,LLACANORA    ,CAJAMARCA  ,CAJAMARCA  
0801008,PROVINCIAS,LOS BAÑOS DEL INCA,CAJAMARCA  ,CAJAMARCA  
0801009,PROVINCIAS,MAGDALENA    ,CAJAMARCA  ,CAJAMARCA  
0801010,PROVINCIAS,MATARA    ,CAJAMARCA  ,CAJAMARCA  
0801011,PROVINCIAS,NAMORA    ,CAJAMARCA  ,CAJAMARCA  
0801012,PROVINCIAS,SAN JUAN    ,CAJAMARCA  ,CAJAMARCA  
0802000,PROVINCIAS,CAJABAMBA    ,CAJABAMBA    ,CAJAMARCA  
0802001,PROVINCIAS,CACHACHI    ,CAJABAMBA    ,CAJAMARCA  
0802002,PROVINCIAS,CAJABAMBA  ,CAJABAMBA    ,CAJAMARCA  
0802003,PROVINCIAS,CONDEBAMBA  ,CAJABAMBA    ,CAJAMARCA  
0802004,PROVINCIAS,SITACOCHA  ,CAJABAMBA    ,CAJAMARCA  
0803000,PROVINCIAS,CELENDIN  ,CELENDIN  ,CAJAMARCA  
0803001,PROVINCIAS,CELENDIN  ,CELENDIN  ,CAJAMARCA  
0803002,PROVINCIAS,CHUMUCH  ,CELENDIN  ,CAJAMARCA  
0803003,PROVINCIAS,CORTEGANA  ,CELENDIN  ,CAJAMARCA  
0803004,PROVINCIAS,HUASMIN  ,CELENDIN  ,CAJAMARCA  
0803005,PROVINCIAS,JORGE CHAVEZ  ,CELENDIN  ,CAJAMARCA  
0803006,PROVINCIAS,JOSE GALVEZ  ,CELENDIN  ,CAJAMARCA  
0803007,PROVINCIAS,MIGUEL IGLESIAS  ,CELENDIN  ,CAJAMARCA  
0803008,PROVINCIAS,OXAMARCA  ,CELENDIN  ,CAJAMARCA  
0803009,PROVINCIAS,SOROCHUCO  ,CELENDIN  ,CAJAMARCA  
0803010,PROVINCIAS,SUCRE  ,CELENDIN  ,CAJAMARCA  
0803011,PROVINCIAS,UTCO  ,CELENDIN  ,CAJAMARCA  
0803012,PROVINCIAS,LA LIBERTAD DE PALLA  ,CELENDIN  ,CAJAMARCA  
0804000,PROVINCIAS,CHOTA  ,CHOTA  ,CAJAMARCA  
0804001,PROVINCIAS,ANGUIA  ,CHOTA  ,CAJAMARCA  
0804002,PROVINCIAS,CHADIN  ,CHOTA  ,CAJAMARCA  
0804003,PROVINCIAS,CHIGUIRIP  ,CHOTA  ,CAJAMARCA  
0804004,PROVINCIAS,CHIMBAN  ,CHOTA  ,CAJAMARCA  
0804005,PROVINCIAS,CHOROPAMPA  ,CHOTA  ,CAJAMARCA  
0804006,PROVINCIAS,CHOTA  ,CHOTA  ,CAJAMARCA  
0804007,PROVINCIAS,COCHABAMBA  ,CHOTA  ,CAJAMARCA  
0804008,PROVINCIAS,CONCHAN  ,CHOTA  ,CAJAMARCA  
0804009,PROVINCIAS,HUAMBOS  ,CHOTA  ,CAJAMARCA  
0804010,PROVINCIAS,LAJAS  ,CHOTA  ,CAJAMARCA  
0804011,PROVINCIAS,LLAMA  ,CHOTA  ,CAJAMARCA  
0804012,PROVINCIAS,MIRACOSTA  ,CHOTA  ,CAJAMARCA  
0804013,PROVINCIAS,PACCHA   ,CHOTA  ,CAJAMARCA  
0804014,PROVINCIAS,PION   ,CHOTA  ,CAJAMARCA  
0804015,PROVINCIAS,QUERECOTO   ,CHOTA  ,CAJAMARCA  
0804016,PROVINCIAS,SAN JUNA DE LICUPIS ,CHOTA  ,CAJAMARCA  
0804017,PROVINCIAS,TACABAMBA   ,CHOTA  ,CAJAMARCA  
0804018,PROVINCIAS,TOCMOCHE   ,CHOTA  ,CAJAMARCA  
0804019,PROVINCIAS,CHALAMARCA   ,CHOTA  ,CAJAMARCA  
0805000,PROVINCIAS,CONTUMAZA   ,CONTUMAZA   ,CAJAMARCA  
0805001,PROVINCIAS,CHILETE   ,CONTUMAZA   ,CAJAMARCA  
0805002,PROVINCIAS,CONTUMAZA   ,CONTUMAZA   ,CAJAMARCA  
0805003,PROVINCIAS,CUPISNIQUE    ,CONTUMAZA   ,CAJAMARCA  
0805004,PROVINCIAS,GUZMANGO    ,CONTUMAZA   ,CAJAMARCA  
0805005,PROVINCIAS,SAN BENITO    ,CONTUMAZA   ,CAJAMARCA  
0805006,PROVINCIAS,SANTA CRUZ DE TOLEDO,CONTUMAZA   ,CAJAMARCA  
0805007,PROVINCIAS,TANTARICA    ,CONTUMAZA   ,CAJAMARCA  
0805008,PROVINCIAS,YONAN    ,CONTUMAZA   ,CAJAMARCA  
0806000,PROVINCIAS,CUTERVO    ,CUTERVO    ,CAJAMARCA  
0806001,PROVINCIAS,CALLAYUC    ,CUTERVO    ,CAJAMARCA  
0806002,PROVINCIAS,CHOROS    ,CUTERVO    ,CAJAMARCA  
0806003,PROVINCIAS,CUJILLO    ,CUTERVO    ,CAJAMARCA  
0806004,PROVINCIAS,CUTERVO    ,CUTERVO    ,CAJAMARCA  
0806005,PROVINCIAS,LA RAMADA  ,CUTERVO    ,CAJAMARCA  
0806006,PROVINCIAS,PIMPINGOS  ,CUTERVO    ,CAJAMARCA  
0806007,PROVINCIAS,QUERECOTILLO  ,CUTERVO    ,CAJAMARCA  
0806008,PROVINCIAS,SAN ANDRES DE CUTERV  ,CUTERVO    ,CAJAMARCA  
0806009,PROVINCIAS,SAN JUAN DE CUTERVO  ,CUTERVO    ,CAJAMARCA  
0806010,PROVINCIAS,SAN LUIS DE LUCMA  ,CUTERVO    ,CAJAMARCA  
0806011,PROVINCIAS,SANTA CRUZ  ,CUTERVO    ,CAJAMARCA  
0806012,PROVINCIAS,SANTO DOMINGO DE LA  ,CUTERVO    ,CAJAMARCA  
0806013,PROVINCIAS,SANTO TOMAS  ,CUTERVO    ,CAJAMARCA  
0806014,PROVINCIAS,SOCOTA  ,CUTERVO    ,CAJAMARCA  
0806015,PROVINCIAS,TORIBIO CASANOVA  ,CUTERVO    ,CAJAMARCA  
0807000,PROVINCIAS,HUALGAYOC  ,HUALGAYOC  ,CAJAMARCA  
0807001,PROVINCIAS,BAMBAMARCA  ,HUALGAYOC  ,CAJAMARCA  
0807002,PROVINCIAS,CHUGUR  ,HUALGAYOC  ,CAJAMARCA  
0807003,PROVINCIAS,HUALGAYOC  ,HUALGAYOC  ,CAJAMARCA  
0808000,PROVINCIAS,JAEN  ,JAEN  ,CAJAMARCA  
0808001,PROVINCIAS,BELLAVISTA  ,JAEN  ,CAJAMARCA  
0808002,PROVINCIAS,CHONTALI  ,JAEN  ,CAJAMARCA  
0808003,PROVINCIAS,COLASAY  ,JAEN  ,CAJAMARCA  
0808004,PROVINCIAS,HUABAL   ,JAEN  ,CAJAMARCA  
0808005,PROVINCIAS,JAEN   ,JAEN  ,CAJAMARCA  
0808006,PROVINCIAS,LAS PIRIAS   ,JAEN  ,CAJAMARCA  
0808007,PROVINCIAS,POMAHUACA   ,JAEN  ,CAJAMARCA  
0808008,PROVINCIAS,PUCARA   ,JAEN  ,CAJAMARCA  
0808009,PROVINCIAS,SALLIQUE   ,JAEN  ,CAJAMARCA  
0808010,PROVINCIAS,SAN FELIPE   ,JAEN  ,CAJAMARCA  
0808011,PROVINCIAS,SAN JOSE DEL ALTO ,JAEN  ,CAJAMARCA  
0808012,PROVINCIAS,SANTA ROSA   ,JAEN  ,CAJAMARCA  
0809000,PROVINCIAS,SAN IGNACIO   ,SAN IGNACIO   ,CAJAMARCA  
0809001,PROVINCIAS,CHIRINOS   ,SAN IGNACIO   ,CAJAMARCA  
0809002,PROVINCIAS,HUARANGO  ,SAN IGNACIO   ,CAJAMARCA  
0809003,PROVINCIAS,LA COIPA  ,SAN IGNACIO   ,CAJAMARCA  
0809004,PROVINCIAS,NAMBALLE  ,SAN IGNACIO   ,CAJAMARCA  
0809005,PROVINCIAS,SAN IGNACIO  ,SAN IGNACIO   ,CAJAMARCA  
0809006,PROVINCIAS,SAN JOSE DE LOURDES  ,SAN IGNACIO   ,CAJAMARCA  
0809007,PROVINCIAS,TABACONAS  ,SAN IGNACIO   ,CAJAMARCA  
0810000,PROVINCIAS,SAN MARCOS  ,SAN MARCOS  ,CAJAMARCA  
0810001,PROVINCIAS,CHANCAY  ,SAN MARCOS  ,CAJAMARCA  
0810002,PROVINCIAS,EDUARDO VILLANUEVA  ,SAN MARCOS  ,CAJAMARCA  
0811005,PROVINCIAS,LA FLORIDA  ,SAN MARCOS  ,CAJAMARCA  
0811006,PROVINCIAS,LLAPA  ,SAN MARCOS  ,CAJAMARCA  
0811007,PROVINCIAS,NANCHOC  ,SAN MARCOS  ,CAJAMARCA  
0811008,PROVINCIAS,NIEPOS  ,SAN MARCOS  ,CAJAMARCA  
0811009,PROVINCIAS,SAN GREGORIO  ,SAN MARCOS  ,CAJAMARCA  
0811010,PROVINCIAS,SAN MIGUEL  ,SAN MARCOS  ,CAJAMARCA  
0811011,PROVINCIAS,SAN SILVESTRE DE CON  ,SAN MARCOS  ,CAJAMARCA  
0811012,PROVINCIAS,TONGOD  ,SAN MARCOS  ,CAJAMARCA  
0811013,PROVINCIAS,UNION AGUA BLANCA  ,SAN MARCOS  ,CAJAMARCA  
0812000,PROVINCIAS,SAN PABLO  ,SAN PABLO  ,CAJAMARCA  
0812001,PROVINCIAS,SAN BERNARDINO  ,SAN PABLO  ,CAJAMARCA  
0812002,PROVINCIAS,SAN LUIS  ,SAN PABLO  ,CAJAMARCA  
0812003,PROVINCIAS,SAN PABLO  ,SAN PABLO  ,CAJAMARCA  
0812004,PROVINCIAS,TUMBADEN  ,SAN PABLO  ,CAJAMARCA  
0813000,PROVINCIAS,SANTA CRUZ  ,SANTA CRUZ  ,CAJAMARCA  
0813001,PROVINCIAS,ANDABAMBA  ,SANTA CRUZ  ,CAJAMARCA  
0813002,PROVINCIAS,CATACHE  ,SANTA CRUZ  ,CAJAMARCA  
0813003,PROVINCIAS,CHANCAYBAñOS  ,SANTA CRUZ  ,CAJAMARCA  
0813004,PROVINCIAS,LA ESPERANZA  ,SANTA CRUZ  ,CAJAMARCA  
0813005,PROVINCIAS,NINABAMBA  ,SANTA CRUZ  ,CAJAMARCA  
0813006,PROVINCIAS,PULAN  ,SANTA CRUZ  ,CAJAMARCA  
0813007,PROVINCIAS,SANTA CRUZ  ,SANTA CRUZ  ,CAJAMARCA  
0813008,PROVINCIAS,SAUCEPAMPA  ,SANTA CRUZ  ,CAJAMARCA  
0813009,PROVINCIAS,SEXI  ,SANTA CRUZ  ,CAJAMARCA  
0813010,PROVINCIAS,UTICYACU  ,SANTA CRUZ  ,CAJAMARCA  
0813011,PROVINCIAS,YAUYUCAN  ,SANTA CRUZ  ,CAJAMARCA  
0900000,PROVINCIAS,CUSCO  ,CUSCO  ,CUSCO  
0901000,PROVINCIAS,CUSCO  ,CUSCO  ,CUSCO  
0901001,PROVINCIAS,CCORCA  ,CUSCO  ,CUSCO  
0901002,PROVINCIAS,CUSCO  ,CUSCO  ,CUSCO  
0901003,PROVINCIAS,POROY  ,CUSCO  ,CUSCO  
0901004,PROVINCIAS,SAN JERONIMO  ,CUSCO  ,CUSCO  
0901005,PROVINCIAS,SAN SEBASTIAN  ,CUSCO  ,CUSCO  
0901006,PROVINCIAS,SANTIAGO  ,CUSCO  ,CUSCO  
0901007,PROVINCIAS,SAYLLA  ,CUSCO  ,CUSCO  
0901008,PROVINCIAS,HUANCHAC  ,CUSCO  ,CUSCO  
0902000,PROVINCIAS,ACOMAYO  ,ACOMAYO  ,CUSCO  
0902001,PROVINCIAS,ACOMAYO  ,ACOMAYO  ,CUSCO  
0902002,PROVINCIAS,ACOPIA  ,ACOMAYO  ,CUSCO  
0902003,PROVINCIAS,ACOS  ,ACOMAYO  ,CUSCO  
0902004,PROVINCIAS,3OSOC LLACTA  ,ACOMAYO  ,CUSCO  
0902005,PROVINCIAS,POMACANCHI  ,ACOMAYO  ,CUSCO  
0902006,PROVINCIAS,RONDOCAN  ,ACOMAYO  ,CUSCO  
0902007,PROVINCIAS,SANGARARA  ,ACOMAYO  ,CUSCO  
0903000,PROVINCIAS,ANTA  ,ANTA  ,CUSCO  
0903001,PROVINCIAS,ANCAHUASI  ,ANTA  ,CUSCO  
0903002,PROVINCIAS,ANTA  ,ANTA  ,CUSCO  
0903003,PROVINCIAS,CACHIMAYO  ,ANTA  ,CUSCO  
0903004,PROVINCIAS,CHINCHAYPUJIO  ,ANTA  ,CUSCO  
0903005,PROVINCIAS,HUAROCONDO  ,ANTA  ,CUSCO  
0903006,PROVINCIAS,LIMATAMBO  ,ANTA  ,CUSCO  
0903007,PROVINCIAS,MOLLEPATA  ,ANTA  ,CUSCO  
0903008,PROVINCIAS,PUCYURA  ,ANTA  ,CUSCO  
0903009,PROVINCIAS,ZURITE  ,ANTA  ,CUSCO  
0904000,PROVINCIAS,CALCA  ,CALCA  ,CUSCO  
0904001,PROVINCIAS,CALCA  ,CALCA  ,CUSCO  
0904002,PROVINCIAS,COYA  ,CALCA  ,CUSCO  
0904003,PROVINCIAS,LAMAY  ,CALCA  ,CUSCO  
0904004,PROVINCIAS,LARES  ,CALCA  ,CUSCO  
0904005,PROVINCIAS,PISAC  ,CALCA  ,CUSCO  
0904006,PROVINCIAS,SAN SALVADOR  ,CALCA  ,CUSCO  
0904007,PROVINCIAS,TARAY  ,CALCA  ,CUSCO  
0904008,PROVINCIAS,YANATILE  ,CALCA  ,CUSCO  
0905000,PROVINCIAS,CAÑAS  ,CAÑAS  ,CUSCO  
0905001,PROVINCIAS,CHECCA  ,CAÑAS  ,CUSCO  
0905002,PROVINCIAS,KUNTURKANKI  ,CAÑAS  ,CUSCO  
0905003,PROVINCIAS,LANGUI  ,CAÑAS  ,CUSCO  
0905004,PROVINCIAS,LAYO  ,CAÑAS  ,CUSCO  
0905005,PROVINCIAS,PAMPAMARCA  ,CAÑAS  ,CUSCO  
0905006,PROVINCIAS,QUEHUE  ,CAÑAS  ,CUSCO  
0905007,PROVINCIAS,TUPAC AMARU  ,CAÑAS  ,CUSCO  
0905008,PROVINCIAS,YANAOCA  ,CAÑAS  ,CUSCO  
0906000,PROVINCIAS,CANCHIS  ,CANCHIS  ,CUSCO  
0906001,PROVINCIAS,CHECACUPE  ,CANCHIS  ,CUSCO  
0906002,PROVINCIAS,COMBAPATA  ,CANCHIS  ,CUSCO  
0906003,PROVINCIAS,MARANGANI  ,CANCHIS  ,CUSCO  
0906004,PROVINCIAS,PITUMARCA  ,CANCHIS  ,CUSCO  
0906005,PROVINCIAS,SAN PABLO  ,CANCHIS  ,CUSCO  
0906006,PROVINCIAS,SAN PEDRO  ,CANCHIS  ,CUSCO  
0906007,PROVINCIAS,SICUANI  ,CANCHIS  ,CUSCO  
0906008,PROVINCIAS,TINTA  ,CANCHIS  ,CUSCO  
0907000,PROVINCIAS,CHUMBIVILCAS  ,CHUMBIVILCAS  ,CUSCO  
0907001,PROVINCIAS,CAPACMARCA  ,CHUMBIVILCAS  ,CUSCO  
0907002,PROVINCIAS,CHAMACA  ,CHUMBIVILCAS  ,CUSCO  
0907003,PROVINCIAS,COLQUEMARCA  ,CHUMBIVILCAS  ,CUSCO  
0907004,PROVINCIAS,LIVITACA  ,CHUMBIVILCAS  ,CUSCO  
0907005,PROVINCIAS,LLUSCO  ,CHUMBIVILCAS  ,CUSCO  
0907006,PROVINCIAS,QUIÑOTA  ,CHUMBIVILCAS  ,CUSCO  
0907007,PROVINCIAS,SANTO TOMAS  ,CHUMBIVILCAS  ,CUSCO  
0907008,PROVINCIAS,VELILLE  ,CHUMBIVILCAS  ,CUSCO  
0908000,PROVINCIAS,ESPINAR  ,ESPINAR  ,CUSCO  
0908001,PROVINCIAS,CONDOROMA  ,ESPINAR  ,CUSCO  
0908002,PROVINCIAS,COPORAQUE  ,ESPINAR  ,CUSCO  
0908003,PROVINCIAS,ESPINAR  ,ESPINAR  ,CUSCO  
0908004,PROVINCIAS,OCORURO  ,ESPINAR  ,CUSCO  
0908005,PROVINCIAS,PALLPATA  ,ESPINAR  ,CUSCO  
0908006,PROVINCIAS,PICHIGUA  ,ESPINAR  ,CUSCO  
0908007,PROVINCIAS,SUYCKUTAMBO  ,ESPINAR  ,CUSCO  
0908008,PROVINCIAS,ALTO PICHIGUA  ,ESPINAR  ,CUSCO  
0909000,PROVINCIAS,LA CONVENCION  ,LA CONVENCION  ,CUSCO  
0909001,PROVINCIAS,ECHARATE  ,LA CONVENCION  ,CUSCO  
0909002,PROVINCIAS,HUAYOPATA  ,LA CONVENCION  ,CUSCO  
0909003,PROVINCIAS,MARANURA  ,LA CONVENCION  ,CUSCO  
0909004,PROVINCIAS,OCOBAMBA  ,LA CONVENCION  ,CUSCO  
0909005,PROVINCIAS,QUELLOUNO  ,LA CONVENCION  ,CUSCO  
0909006,PROVINCIAS,QUIMBIRI  ,LA CONVENCION  ,CUSCO  
0909007,PROVINCIAS,SANTA ANA  ,LA CONVENCION  ,CUSCO  
0909008,PROVINCIAS,SANTA TERESA  ,LA CONVENCION  ,CUSCO  
0909009,PROVINCIAS,VILCABAMBA  ,LA CONVENCION  ,CUSCO  
0909010,PROVINCIAS,PICHARI  ,LA CONVENCION  ,CUSCO  
0910000,PROVINCIAS,PARURO  ,PARURO  ,CUSCO  
0910001,PROVINCIAS,ACCHA  ,PARURO  ,CUSCO  
0910002,PROVINCIAS,CCAPI  ,PARURO  ,CUSCO  
0910003,PROVINCIAS,COLCHA  ,PARURO  ,CUSCO  
0910004,PROVINCIAS,HUANOQUITE  ,PARURO  ,CUSCO  
0910005,PROVINCIAS,OMACHA  ,PARURO  ,CUSCO  
0910006,PROVINCIAS,PACCARITAMBO  ,PARURO  ,CUSCO  
0910007,PROVINCIAS,PARURO  ,PARURO  ,CUSCO  
0910008,PROVINCIAS,PILLPINTO  ,PARURO  ,CUSCO  
0910009,PROVINCIAS,YAURISQUE  ,PARURO  ,CUSCO  
0911000,PROVINCIAS,PAUCARTAMBO  ,PAUCARTAMBO  ,CUSCO  
0911001,PROVINCIAS,CAICAY  ,PAUCARTAMBO  ,CUSCO  
0911002,PROVINCIAS,CHALLABAMBA  ,PAUCARTAMBO  ,CUSCO  
0911003,PROVINCIAS,COLQUEPATA  ,PAUCARTAMBO  ,CUSCO  
0911004,PROVINCIAS,HUANCARANI  ,PAUCARTAMBO  ,CUSCO  
0911005,PROVINCIAS,KOSÑIPATA  ,PAUCARTAMBO  ,CUSCO  
0911006,PROVINCIAS,PAUCARTAMBO  ,PAUCARTAMBO  ,CUSCO  
0912000,PROVINCIAS,QUISPICANCHIS  ,QUISPICANCHIS  ,CUSCO  
0912001,PROVINCIAS,ANDAHUAYLILLAS  ,QUISPICANCHIS  ,CUSCO  
0912002,PROVINCIAS,CAMANTI  ,QUISPICANCHIS  ,CUSCO  
0912003,PROVINCIAS,CCARHUAYO  ,QUISPICANCHIS  ,CUSCO  
0912004,PROVINCIAS,CCATCA  ,QUISPICANCHIS  ,CUSCO  
0912005,PROVINCIAS,CUSIPATA  ,QUISPICANCHIS  ,CUSCO  
0912006,PROVINCIAS,HUARO  ,QUISPICANCHIS  ,CUSCO  
0912007,PROVINCIAS,LUCRE  ,QUISPICANCHIS  ,CUSCO  
0912008,PROVINCIAS,MARCAPATA  ,QUISPICANCHIS  ,CUSCO  
0912009,PROVINCIAS,OCONGATE  ,QUISPICANCHIS  ,CUSCO  
0912010,PROVINCIAS,OROPESA  ,QUISPICANCHIS  ,CUSCO  
0912011,PROVINCIAS,QUIQUIJANA  ,QUISPICANCHIS  ,CUSCO  
0912012,PROVINCIAS,URCOS  ,QUISPICANCHIS  ,CUSCO  
0913000,PROVINCIAS,URUBAMBA  ,URUBAMBA  ,CUSCO  
0913001,PROVINCIAS,CHINCHERO  ,URUBAMBA  ,CUSCO  
0913002,PROVINCIAS,HUAYLLABAMBA  ,URUBAMBA  ,CUSCO  
0913003,PROVINCIAS,MACHUPICCHU  ,URUBAMBA  ,CUSCO  
0913004,PROVINCIAS,MARAS  ,URUBAMBA  ,CUSCO  
0913005,PROVINCIAS,OLLANTAYTAMBO  ,URUBAMBA  ,CUSCO  
0913006,PROVINCIAS,URUBAMBA  ,URUBAMBA  ,CUSCO  
0913007,PROVINCIAS,YUCAY  ,URUBAMBA  ,CUSCO  
1000000,PROVINCIAS,HUANCAVELICA  ,HUANCAVELICA  ,HUANCAVELICA  
1001000,PROVINCIAS,HUANCAVELICA  ,HUANCAVELICA  ,HUANCAVELICA  
1001001,PROVINCIAS,ACOBAMBILLA  ,HUANCAVELICA  ,HUANCAVELICA  
1001002,PROVINCIAS,ACORIA  ,HUANCAVELICA  ,HUANCAVELICA  
1001003,PROVINCIAS,CONAYCA  ,HUANCAVELICA  ,HUANCAVELICA  
1001004,PROVINCIAS,CUENCA  ,HUANCAVELICA  ,HUANCAVELICA  
1001005,PROVINCIAS,HUACHOCOLPA  ,HUANCAVELICA  ,HUANCAVELICA  
1001006,PROVINCIAS,HUANCAVELICA  ,HUANCAVELICA  ,HUANCAVELICA  
1001007,PROVINCIAS,HUAYLLAHUARA  ,HUANCAVELICA  ,HUANCAVELICA  
1001008,PROVINCIAS,IZCUCHACA  ,HUANCAVELICA  ,HUANCAVELICA  
1001009,PROVINCIAS,LARIA  ,HUANCAVELICA  ,HUANCAVELICA  
1001010,PROVINCIAS,MANTA  ,HUANCAVELICA  ,HUANCAVELICA  
1001011,PROVINCIAS,MARISCAL CACERES  ,HUANCAVELICA  ,HUANCAVELICA  
1001012,PROVINCIAS,MOYA  ,HUANCAVELICA  ,HUANCAVELICA  
1001013,PROVINCIAS,NUEVO OCCORO  ,HUANCAVELICA  ,HUANCAVELICA  
1001014,PROVINCIAS,PALCA  ,HUANCAVELICA  ,HUANCAVELICA  
1001015,PROVINCIAS,PILCHACA  ,HUANCAVELICA  ,HUANCAVELICA  
1001016,PROVINCIAS,VILCA  ,HUANCAVELICA  ,HUANCAVELICA  
1001017,PROVINCIAS,YAULI  ,HUANCAVELICA  ,HUANCAVELICA  
1001018,PROVINCIAS,ASCENSION  ,HUANCAVELICA  ,HUANCAVELICA  
1002000,PROVINCIAS,ACOBAMBA  ,ACOBAMBA  ,HUANCAVELICA  
1002001,PROVINCIAS,ACOBAMBA  ,ACOBAMBA  ,HUANCAVELICA  
1002002,PROVINCIAS,ANDABAMBA  ,ACOBAMBA  ,HUANCAVELICA  
1002003,PROVINCIAS,ANTA  ,ACOBAMBA  ,HUANCAVELICA  
1002004,PROVINCIAS,CAJA  ,ACOBAMBA  ,HUANCAVELICA  
1002005,PROVINCIAS,MARCAS  ,ACOBAMBA  ,HUANCAVELICA  
1002006,PROVINCIAS,PAUCARA  ,ACOBAMBA  ,HUANCAVELICA  
1002007,PROVINCIAS,POMACOCHA  ,ACOBAMBA  ,HUANCAVELICA  
1002008,PROVINCIAS,ROSARIO  ,ACOBAMBA  ,HUANCAVELICA  
1003000,PROVINCIAS,ANGARAES  ,ANGARAES  ,HUANCAVELICA  
1003001,PROVINCIAS,ANCHONGA  ,ANGARAES  ,HUANCAVELICA  
1003002,PROVINCIAS,CALLANMARCA  ,ANGARAES  ,HUANCAVELICA  
1003003,PROVINCIAS,CCOCHACCASA   ,ANGARAES  ,HUANCAVELICA  
1003004,PROVINCIAS,CHINCHO   ,ANGARAES  ,HUANCAVELICA  
1003005,PROVINCIAS,CONGALLA   ,ANGARAES  ,HUANCAVELICA  
1003006,PROVINCIAS,HUANCA-HUANCA   ,ANGARAES  ,HUANCAVELICA  
1003007,PROVINCIAS,HUALLAY GRANDE   ,ANGARAES  ,HUANCAVELICA  
1003008,PROVINCIAS,JULCAMARCA   ,ANGARAES  ,HUANCAVELICA  
1003009,PROVINCIAS,LIRCAY   ,ANGARAES  ,HUANCAVELICA  
1003010,PROVINCIAS,SAN ANTONIO DE ANTAP ,ANGARAES  ,HUANCAVELICA  
1003011,PROVINCIAS,SANTO TOMAS DE PATA ,ANGARAES  ,HUANCAVELICA  
1003012,PROVINCIAS,SECCLLA   ,ANGARAES  ,HUANCAVELICA  
1004000,PROVINCIAS,CASTROVIRREYNA  ,CASTROVIRREYNA  ,HUANCAVELICA  
1004001,PROVINCIAS,ARMA  ,CASTROVIRREYNA  ,HUANCAVELICA  
1004002,PROVINCIAS,AURAHUA  ,CASTROVIRREYNA  ,HUANCAVELICA  
1004003,PROVINCIAS,CAPILLAS  ,CASTROVIRREYNA  ,HUANCAVELICA  
1004004,PROVINCIAS,CASTROVIRREYNA  ,CASTROVIRREYNA  ,HUANCAVELICA  
1004005,PROVINCIAS,CHUPAMARCA  ,CASTROVIRREYNA  ,HUANCAVELICA  
1004006,PROVINCIAS,COCAS  ,CASTROVIRREYNA  ,HUANCAVELICA  
1004007,PROVINCIAS,HUACHOS  ,CASTROVIRREYNA  ,HUANCAVELICA  
1004008,PROVINCIAS,HUAMATAMBO  ,CASTROVIRREYNA  ,HUANCAVELICA  
1004009,PROVINCIAS,MOLLEBAMBA  ,CASTROVIRREYNA  ,HUANCAVELICA  
1004010,PROVINCIAS,SAN JUAN  ,CASTROVIRREYNA  ,HUANCAVELICA  
1004011,PROVINCIAS,SANTA ANA  ,CASTROVIRREYNA  ,HUANCAVELICA  
1004012,PROVINCIAS,TANTARA  ,CASTROVIRREYNA  ,HUANCAVELICA  
1004013,PROVINCIAS,TICRAPO  ,CASTROVIRREYNA  ,HUANCAVELICA  
1005000,PROVINCIAS,CHURCAMPA  ,CHURCAMPA  ,HUANCAVELICA  
1005001,PROVINCIAS,ANCO  ,CHURCAMPA  ,HUANCAVELICA  
1005002,PROVINCIAS,CHINCHIHUASI  ,CHURCAMPA  ,HUANCAVELICA  
1005003,PROVINCIAS,CHURCAMPA  ,CHURCAMPA  ,HUANCAVELICA  
1005004,PROVINCIAS,EL CARMEN  ,CHURCAMPA  ,HUANCAVELICA  
1005005,PROVINCIAS,LA MERCED  ,CHURCAMPA  ,HUANCAVELICA  
1005006,PROVINCIAS,LOCROJA  ,CHURCAMPA  ,HUANCAVELICA  
1005007,PROVINCIAS,PACHAMARCA  ,CHURCAMPA  ,HUANCAVELICA  
1005008,PROVINCIAS,PAUCARBAMBA  ,CHURCAMPA  ,HUANCAVELICA  
1005009,PROVINCIAS,SAN MIGUEL DE MAYOC  ,CHURCAMPA  ,HUANCAVELICA  
1005010,PROVINCIAS,SAN PEDRO DE CORIS  ,CHURCAMPA  ,HUANCAVELICA  
1006000,PROVINCIAS,HUAYTARA  ,HUAYTARA  ,HUANCAVELICA  
1006001,PROVINCIAS,AYAVI  ,HUAYTARA  ,HUANCAVELICA  
1006002,PROVINCIAS,CORDOVA  ,HUAYTARA  ,HUANCAVELICA  
1006003,PROVINCIAS,HUAYACUNDO ARMA  ,HUAYTARA  ,HUANCAVELICA  
1006004,PROVINCIAS,HUAYTARA  ,HUAYTARA  ,HUANCAVELICA  
1006005,PROVINCIAS,LARAMARCA              ,HUAYTARA,HUANCAVELICA
1006006,PROVINCIAS,OCOYO                  ,HUAYTARA,HUANCAVELICA
1006007,PROVINCIAS,PILPICHACA             ,HUAYTARA,HUANCAVELICA
1006008,PROVINCIAS,QUERCO                 ,HUAYTARA,HUANCAVELICA
1006009,PROVINCIAS,QUITO ARMA             ,HUAYTARA,HUANCAVELICA
1006010,PROVINCIAS,SAN ANTONIO DE CUSIC   ,HUAYTARA,HUANCAVELICA
1006011,PROVINCIAS,SAN FRANCISCO SANGAY   ,HUAYTARA,HUANCAVELICA
1006012,PROVINCIAS,SAN ISIDRO             ,HUAYTARA,HUANCAVELICA
1006013,PROVINCIAS,SANTIAGO DE CHOCORVO   ,HUAYTARA,HUANCAVELICA
1006014,PROVINCIAS,SANTIAGO DE QUIRAHUA   ,HUAYTARA,HUANCAVELICA
1006015,PROVINCIAS,SANTO DOMINGO DE CAP ,HUAYTARA  ,HUANCAVELICA  
1006016,PROVINCIAS,TAMBO   ,HUAYTARA  ,HUANCAVELICA  
1007000,PROVINCIAS,TAYACAJA   ,TAYACAJA   ,HUANCAVELICA  
1007001,PROVINCIAS,ACOSTAMBO   ,TAYACAJA   ,HUANCAVELICA  
1007002,PROVINCIAS,ACRAQUIA   ,TAYACAJA   ,HUANCAVELICA  
1007003,PROVINCIAS,AHUAYCHA   ,TAYACAJA   ,HUANCAVELICA  
1007004,PROVINCIAS,COLCABAMBA   ,TAYACAJA   ,HUANCAVELICA  
1007005,PROVINCIAS,DANIEL HERNANDEZ   ,TAYACAJA   ,HUANCAVELICA  
1007006,PROVINCIAS,HUACHOCOLPA   ,TAYACAJA   ,HUANCAVELICA  
1007007,PROVINCIAS,HUANDO   ,TAYACAJA   ,HUANCAVELICA  
1007008,PROVINCIAS,HUARIBAMBA   ,TAYACAJA   ,HUANCAVELICA  
1007009,PROVINCIAS,ñAHUIMPUQUIO   ,TAYACAJA   ,HUANCAVELICA  
1007010,PROVINCIAS,PAMPAS   ,TAYACAJA   ,HUANCAVELICA  
1007011,PROVINCIAS,PAZOS   ,TAYACAJA   ,HUANCAVELICA  
1007012,PROVINCIAS,QUISHUAR   ,TAYACAJA   ,HUANCAVELICA  
1007013,PROVINCIAS,SALCABAMBA   ,TAYACAJA   ,HUANCAVELICA  
1007014,PROVINCIAS,SALCAHUASI   ,TAYACAJA   ,HUANCAVELICA  
1007015,PROVINCIAS,SAN MARCOS DE ROCCHA ,TAYACAJA   ,HUANCAVELICA  
1007016,PROVINCIAS,SURCUBAMBA   ,TAYACAJA   ,HUANCAVELICA  
1007017,PROVINCIAS,TINTAY PUNCU   ,TAYACAJA   ,HUANCAVELICA  
1100000,PROVINCIAS,HUANUCO   ,HUANUCO   ,HUANUCO   
1101000,PROVINCIAS,HUANUCO  ,HUANUCO  ,HUANUCO   
1101001,PROVINCIAS,QUISQUI  ,HUANUCO  ,HUANUCO   
1101002,PROVINCIAS,HUANUCO  ,HUANUCO  ,HUANUCO   
1101003,PROVINCIAS,YARUMAYO  ,HUANUCO  ,HUANUCO   
1101004,PROVINCIAS,SANTA MARIA DEL VALL  ,HUANUCO  ,HUANUCO   
1101005,PROVINCIAS,SAN FRANCISCO DE CAY  ,HUANUCO  ,HUANUCO   
1101006,PROVINCIAS,SAN PEDRO DE CHAULAN  ,HUANUCO  ,HUANUCO   
1101007,PROVINCIAS,AMARILIS  ,HUANUCO  ,HUANUCO   
1101008,PROVINCIAS,CHINCHAO  ,HUANUCO  ,HUANUCO   
1101009,PROVINCIAS,CHURUBAMBA  ,HUANUCO  ,HUANUCO   
1101010,PROVINCIAS,MARGOS  ,HUANUCO  ,HUANUCO   
1101011,PROVINCIAS,PILLCO MARCA  ,HUANUCO  ,HUANUCO   
1102000,PROVINCIAS,AMBO  ,AMBO  ,HUANUCO   
1102001,PROVINCIAS,SAN FRANCISCO  ,AMBO  ,HUANUCO   
1102002,PROVINCIAS,TOMAY KICHWA  ,AMBO  ,HUANUCO   
1102003,PROVINCIAS,SAN RAFAEL  ,AMBO  ,HUANUCO   
1102004,PROVINCIAS,CONCHAMARCA  ,AMBO  ,HUANUCO   
1102005,PROVINCIAS,HUACAR  ,AMBO  ,HUANUCO   
1102006,PROVINCIAS,CAYNA  ,AMBO  ,HUANUCO   
1102007,PROVINCIAS,AMBO  ,AMBO  ,HUANUCO   
1102008,PROVINCIAS,COLPAS  ,AMBO  ,HUANUCO   
1103000,PROVINCIAS,DOS DE MAYO  ,DOS DE MAYO  ,HUANUCO   
1103001,PROVINCIAS,CAHUAC  ,DOS DE MAYO  ,HUANUCO   
1103002,PROVINCIAS,CHACABAMBA  ,DOS DE MAYO  ,HUANUCO   
1103003,PROVINCIAS,LA UNION  ,DOS DE MAYO  ,HUANUCO   
1103004,PROVINCIAS,BAÑOS  ,DOS DE MAYO  ,HUANUCO   
1103005,PROVINCIAS,APARICIO POMARES  ,DOS DE MAYO  ,HUANUCO   
1103006,PROVINCIAS,CHAVINILLO  ,DOS DE MAYO  ,HUANUCO   
1103007,PROVINCIAS,JACAS CHICO  ,DOS DE MAYO  ,HUANUCO   
1103008,PROVINCIAS,CHUQUIS   ,DOS DE MAYO  ,HUANUCO   
1103009,PROVINCIAS,JESUS   ,DOS DE MAYO  ,HUANUCO   
1103010,PROVINCIAS,QUIVILLA   ,DOS DE MAYO  ,HUANUCO   
1103011,PROVINCIAS,RONDOS   ,DOS DE MAYO  ,HUANUCO   
1103012,PROVINCIAS,SAN FRANCISCO DE ASI ,DOS DE MAYO  ,HUANUCO   
1103013,PROVINCIAS,SAN MIGUEL DE CAURI ,DOS DE MAYO  ,HUANUCO   
1103014,PROVINCIAS,SHUNQUI   ,DOS DE MAYO  ,HUANUCO   
1103015,PROVINCIAS,SILLAPATA   ,DOS DE MAYO  ,HUANUCO   
1103016,PROVINCIAS,QUERO PALCA   ,DOS DE MAYO  ,HUANUCO   
1103017,PROVINCIAS,YANAS   ,DOS DE MAYO  ,HUANUCO   
1103018,PROVINCIAS,RIPAN  ,DOS DE MAYO  ,HUANUCO   
1103019,PROVINCIAS,PACHAS  ,DOS DE MAYO  ,HUANUCO   
1103020,PROVINCIAS,JIVIA  ,DOS DE MAYO  ,HUANUCO   
1103021,PROVINCIAS,MARIAS  ,DOS DE MAYO  ,HUANUCO   
1103022,PROVINCIAS,OBAS  ,DOS DE MAYO  ,HUANUCO   
1103023,PROVINCIAS,PAMPAMARCA  ,DOS DE MAYO  ,HUANUCO   
1104000,PROVINCIAS,HUACAYBAMBA  ,HUACAYBAMBA  ,HUANUCO   
1104001,PROVINCIAS,COCHABAMBA  ,HUACAYBAMBA  ,HUANUCO   
1104002,PROVINCIAS,CANCHABAMBA  ,HUACAYBAMBA  ,HUANUCO   
1104003,PROVINCIAS,PINRA  ,HUACAYBAMBA  ,HUANUCO   
1104004,PROVINCIAS,HUACAYBAMBA  ,HUACAYBAMBA  ,HUANUCO   
1105000,PROVINCIAS,HUAMALIES  ,HUAMALIES  ,HUANUCO   
1105001,PROVINCIAS,TANTAMAYO  ,HUAMALIES  ,HUANUCO   
1105002,PROVINCIAS,PUNCHAO  ,HUAMALIES  ,HUANUCO   
1105003,PROVINCIAS,SINGA  ,HUAMALIES  ,HUANUCO   
1105004,PROVINCIAS,MONZON  ,HUAMALIES  ,HUANUCO   
1105005,PROVINCIAS,LLATA  ,HUAMALIES  ,HUANUCO   
1105006,PROVINCIAS,ARANCAY  ,HUAMALIES  ,HUANUCO   
1105007,PROVINCIAS,PUÑOS  ,HUAMALIES  ,HUANUCO   
1105008,PROVINCIAS,JIRCAN  ,HUAMALIES  ,HUANUCO   
1105009,PROVINCIAS,MIRAFLORES  ,HUAMALIES  ,HUANUCO   
1105010,PROVINCIAS,CHAVIN DE PARIARCA  ,HUAMALIES  ,HUANUCO   
1105011,PROVINCIAS,JACUS GRANDE  ,HUAMALIES  ,HUANUCO   
1106000,PROVINCIAS,LEONCIO PRADO  ,LEONCIO PRADO  ,HUANUCO   
1106001,PROVINCIAS,TINGO MARIA  ,LEONCIO PRADO  ,HUANUCO   
1106002,PROVINCIAS,HERMILIO VALDIZAN  ,LEONCIO PRADO  ,HUANUCO   
1106003,PROVINCIAS,JOSE CRESPO Y CASTIL  ,LEONCIO PRADO  ,HUANUCO   
1106004,PROVINCIAS,RUPA RUPA  ,LEONCIO PRADO  ,HUANUCO   
1106005,PROVINCIAS,MARIANO DAMASO BERAU  ,LEONCIO PRADO  ,HUANUCO   
1106006,PROVINCIAS,DANIEL ALOMIA ROBLES  ,LEONCIO PRADO  ,HUANUCO   
1106007,PROVINCIAS,LUYANDO  ,LEONCIO PRADO  ,HUANUCO   
1107000,PROVINCIAS,MARAÑON  ,MARAÑON  ,HUANUCO   
1107001,PROVINCIAS,CHOLON  ,MARAÑON  ,HUANUCO   
1107002,PROVINCIAS,HUACRACHUCO  ,MARAÑON  ,HUANUCO   
1107003,PROVINCIAS,SAN BUENAVENTURA  ,MARAÑON  ,HUANUCO   
1108000,PROVINCIAS,PACHITEA  ,PACHITEA  ,HUANUCO   
1108001,PROVINCIAS,UMARI  ,PACHITEA  ,HUANUCO   
1108002,PROVINCIAS,PANAO  ,PACHITEA  ,HUANUCO   
1108003,PROVINCIAS,CHAGLLA  ,PACHITEA  ,HUANUCO   
1108004,PROVINCIAS,MOLINO  ,PACHITEA  ,HUANUCO   
1109000,PROVINCIAS,PUERTO INCA  ,PUERTO INCA  ,HUANUCO   
1109001,PROVINCIAS,HONORIA  ,PUERTO INCA  ,HUANUCO   
1109002,PROVINCIAS,TOURNAVISTA  ,PUERTO INCA  ,HUANUCO   
1109003,PROVINCIAS,PUERTO INCA  ,PUERTO INCA  ,HUANUCO   
1109004,PROVINCIAS,YUYAPICHIS  ,PUERTO INCA  ,HUANUCO   
1109005,PROVINCIAS,CODO DEL POZUZO  ,PUERTO INCA  ,HUANUCO   
1110000,PROVINCIAS,LAURICOCHA  ,LAURICOCHA  ,HUANUCO   
1110001,PROVINCIAS,JESUS  ,LAURICOCHA  ,HUANUCO   
1110002,PROVINCIAS,BAÑOS  ,LAURICOCHA  ,HUANUCO   
1110003,PROVINCIAS,JIVIA  ,LAURICOCHA  ,HUANUCO   
1110004,PROVINCIAS,QUEROPALCA   ,LAURICOCHA  ,HUANUCO   
1110005,PROVINCIAS,RONDOS   ,LAURICOCHA  ,HUANUCO   
1110006,PROVINCIAS,SAN FRANCISCO DE ASI ,LAURICOCHA  ,HUANUCO   
1110007,PROVINCIAS,SAN MIGUEL DE CAURI ,LAURICOCHA  ,HUANUCO   
1111000,PROVINCIAS,YAROWILCA   ,YAROWILCA   ,HUANUCO   
1111001,PROVINCIAS,CHAVINILLO   ,YAROWILCA   ,HUANUCO   
1111002,PROVINCIAS,CAHUAC   ,YAROWILCA   ,HUANUCO   
1111003,PROVINCIAS,CHACABAMBA   ,YAROWILCA   ,HUANUCO   
1111004,PROVINCIAS,CHUPAN   ,YAROWILCA   ,HUANUCO   
1111005,PROVINCIAS,JACAS CHICO   ,YAROWILCA   ,HUANUCO   
1111006,PROVINCIAS,OBAS   ,YAROWILCA   ,HUANUCO   
1111007,PROVINCIAS,PAMPAMARCA  ,YAROWILCA   ,HUANUCO   
1111008,PROVINCIAS,CHORAS  ,YAROWILCA   ,HUANUCO   
1200000,PROVINCIAS,ICA,ICA,ICA
1201000,PROVINCIAS,ICA,ICA,ICA
1201001,PROVINCIAS,ICA,ICA,ICA
1201002,PROVINCIAS,LA TINGUIÑA,ICA,ICA
1201003,PROVINCIAS,LOS AQUIJES,ICA,ICA
1201004,PROVINCIAS,OCUCAJE,ICA,ICA
1201005,PROVINCIAS,PACHACUTEC,ICA,ICA
1201006,PROVINCIAS,PARCONA,ICA,ICA
1201007,PROVINCIAS,PUEBLO NUEVO,ICA,ICA
1201008,PROVINCIAS,SALAS,ICA,ICA
1201009,PROVINCIAS,SAM JOSE DE LOS MOLI,ICA,ICA
1201010,PROVINCIAS,SAN JUAN BAUTISTA,ICA,ICA
1201011,PROVINCIAS,SANTIAGO,ICA,ICA
1201012,PROVINCIAS,SUBTANJALLA,ICA,ICA
1201013,PROVINCIAS,TATE,ICA,ICA
1201014,PROVINCIAS,YAUCA DEL ROSARIO,ICA,ICA
1202000,PROVINCIAS,CHINCHA,CHINCHA,ICA
1202001,PROVINCIAS,ALTO LARAN,CHINCHA,ICA
1202002,PROVINCIAS,CHAVIN,CHINCHA,ICA
1202003,PROVINCIAS,CHINCHA ALTA,CHINCHA,ICA
1202004,PROVINCIAS,CHINCHA BAJA,CHINCHA,ICA
1202005,PROVINCIAS,EL CARMEN,CHINCHA,ICA
1202006,PROVINCIAS,GROCIO PRADO,CHINCHA,ICA
1202007,PROVINCIAS,PUEBLO NUEVO,CHINCHA,ICA
1202008,PROVINCIAS,SAN JUAN DE YANAC,CHINCHA,ICA
1202009,PROVINCIAS,SAN PEDRO DE HUACARP,CHINCHA,ICA
1202010,PROVINCIAS,SUNAMPE,CHINCHA,ICA
1202011,PROVINCIAS,TAMBO DE MORA,CHINCHA,ICA
1203000,PROVINCIAS,NAZCA,NAZCA,ICA
1203001,PROVINCIAS,CHANGUILLO,NAZCA,ICA
1203002,PROVINCIAS,EL INGENIO,NAZCA,ICA
1203003,PROVINCIAS,MARCONA,NAZCA,ICA
1203004,PROVINCIAS,NAZCA,NAZCA,ICA
1203005,PROVINCIAS,VISTA ALEGRE,NAZCA,ICA
1204000,PROVINCIAS,PALPA,PALPA,ICA
1204001,PROVINCIAS,LLIPATA,PALPA,ICA
1204002,PROVINCIAS,PALPA,PALPA,ICA
1204003,PROVINCIAS,RIO GRANDE,PALPA,ICA
1204004,PROVINCIAS,SANTA CRUZ,PALPA,ICA
1204005,PROVINCIAS,TIBILLO,PALPA,ICA
1205000,PROVINCIAS,PISCO,PISCO,ICA
1205001,PROVINCIAS,HUANCANO,PISCO,ICA
1205002,PROVINCIAS,HUMAY,PISCO,ICA
1205003,PROVINCIAS,INDEPENDENCIA,PISCO,ICA
1205004,PROVINCIAS,PARACAS,PISCO,ICA
1205005,PROVINCIAS,PISCO,PISCO,ICA
1205006,PROVINCIAS,SAN ANDRES,PISCO,ICA
1205007,PROVINCIAS,SAN CLEMENTE,PISCO,ICA
1205008,PROVINCIAS,TUPAC AMARU INCA,PISCO,ICA
1300000,PROVINCIAS,JUNIN,JUNIN,JUNIN
1301000,PROVINCIAS,HUANCAYO,HUANCAYO,JUNIN
1301001,PROVINCIAS,3 DE DICIEMBRE,HUANCAYO,JUNIN
1301002,PROVINCIAS,AHUAC,HUANCAYO,JUNIN
1301003,PROVINCIAS,CARHUACALLANGA,HUANCAYO,JUNIN
1301004,PROVINCIAS,CHACAPAMPA,HUANCAYO,JUNIN
1301005,PROVINCIAS,CHICCHE,HUANCAYO,JUNIN
1301006,PROVINCIAS,CHILCA,HUANCAYO,JUNIN
1301007,PROVINCIAS,CHONGOS ALTO,HUANCAYO,JUNIN
1301008,PROVINCIAS,CHONGOS BAJO,HUANCAYO,JUNIN
1301009,PROVINCIAS,CHUPACA,HUANCAYO,JUNIN
1301010,PROVINCIAS,CHUPURO,HUANCAYO,JUNIN
1301011,PROVINCIAS,COLCA,HUANCAYO,JUNIN
1301012,PROVINCIAS,CULLHUAS,HUANCAYO,JUNIN
1301013,PROVINCIAS,EL TAMBO,HUANCAYO,JUNIN
1301014,PROVINCIAS,HUACHAC,HUANCAYO,JUNIN
1301015,PROVINCIAS,HUACRAPUQUIO,HUANCAYO,JUNIN
1301016,PROVINCIAS,HUALHUAS,HUANCAYO,JUNIN
1301017,PROVINCIAS,HUAMANCACA CHICO,HUANCAYO,JUNIN
1301018,PROVINCIAS,HUANCAN,HUANCAYO,JUNIN
1301019,PROVINCIAS,HUANCAYO,HUANCAYO,JUNIN
1301020,PROVINCIAS,HUASICANCHA,HUANCAYO,JUNIN
1301021,PROVINCIAS,HUAYUCACHI,HUANCAYO,JUNIN
1301022,PROVINCIAS,INGENIO,HUANCAYO,JUNIN
1301023,PROVINCIAS,JARPA,HUANCAYO,JUNIN
1301024,PROVINCIAS,PARIAHUANCA,HUANCAYO,JUNIN
1301025,PROVINCIAS,PILCOMAYO,HUANCAYO,JUNIN
1301026,PROVINCIAS,PUCARA,HUANCAYO,JUNIN
1301027,PROVINCIAS,QUICHUAY,HUANCAYO,JUNIN
1301028,PROVINCIAS,QUILCAS,HUANCAYO,JUNIN
1301029,PROVINCIAS,SAN AGUSTIN,HUANCAYO,JUNIN
1301030,PROVINCIAS,SAN JERONIMO DE TUNA,HUANCAYO,JUNIN
1301031,PROVINCIAS,SAN JUAN DE YSCOS,HUANCAYO,JUNIN
1301032,PROVINCIAS,SAÑO,HUANCAYO,JUNIN
1301033,PROVINCIAS,SAPALLANGA,HUANCAYO,JUNIN
1301034,PROVINCIAS,SICAYA,HUANCAYO,JUNIN
1301035,PROVINCIAS,SANTO DOMINGO DE ACO,HUANCAYO,JUNIN
1301036,PROVINCIAS,VIQUES,HUANCAYO,JUNIN
1301037,PROVINCIAS,YANACANCHA,HUANCAYO,JUNIN
1301038,PROVINCIAS,CHUPACA,HUANCAYO,JUNIN
1302000,PROVINCIAS,CHANCHAMAYO,CHANCHAMAYO,JUNIN
1302001,PROVINCIAS,CHANCHAMAYO,CHANCHAMAYO,JUNIN
1302002,PROVINCIAS,PERENE,CHANCHAMAYO,JUNIN
1302003,PROVINCIAS,PICHANAQUI,CHANCHAMAYO,JUNIN
1302004,PROVINCIAS,SAN LUIS DE SHUARO ,CHANCHAMAYO,JUNIN
1302005,PROVINCIAS,SAN RAMON,CHANCHAMAYO,JUNIN
1302006,PROVINCIAS,VITOC,CHANCHAMAYO,JUNIN
1303000,PROVINCIAS,CONCEPCION,CONCEPCION,JUNIN
1303001,PROVINCIAS,ACO,CONCEPCION,JUNIN
1303002,PROVINCIAS,ANDAMARCA,CONCEPCION,JUNIN
1303003,PROVINCIAS,CHAMBARA,CONCEPCION,JUNIN
1303004,PROVINCIAS,COCHAS,CONCEPCION,JUNIN
1303005,PROVINCIAS,COMAS,CONCEPCION,JUNIN
1303006,PROVINCIAS,CONCEPCION,CONCEPCION,JUNIN
1303007,PROVINCIAS,HEROINAS TOLEDO,CONCEPCION,JUNIN
1303008,PROVINCIAS,MANZANARES,CONCEPCION,JUNIN
1303009,PROVINCIAS,MARISCAL CASTILLA,CONCEPCION,JUNIN
1303010,PROVINCIAS,MATAHUASI,CONCEPCION,JUNIN
1303011,PROVINCIAS,MITO,CONCEPCION,JUNIN
1303012,PROVINCIAS,NUEVE DE JULIO,CONCEPCION,JUNIN
1303013,PROVINCIAS,ORCOTUNA,CONCEPCION,JUNIN
1303014,PROVINCIAS,SAN JOSE DE QUERO,CONCEPCION,JUNIN
1303015,PROVINCIAS,SANTA ROSA DE OCOPA,CONCEPCION,JUNIN
1304000,PROVINCIAS,JAUJA,JAUJA,JUNIN
1304001,PROVINCIAS,ACOLLA,JAUJA,JUNIN
1304002,PROVINCIAS,APATA,JAUJA,JUNIN
1304003,PROVINCIAS,ATAURA,JAUJA,JUNIN
1304004,PROVINCIAS,CANCHAYLLO,JAUJA,JUNIN
1304005,PROVINCIAS,CURICACA,JAUJA,JUNIN
1304006,PROVINCIAS,EL MANTARO,JAUJA,JUNIN
1304007,PROVINCIAS,HUAMALI,JAUJA,JUNIN
1304008,PROVINCIAS,HUARIPAMPA,JAUJA,JUNIN
1304009,PROVINCIAS,HUERTAS,JAUJA,JUNIN
1304010,PROVINCIAS,JANJAILLO,JAUJA,JUNIN
1304011,PROVINCIAS,JAUJA,JAUJA,JUNIN
1304012,PROVINCIAS,JULCAN,JAUJA,JUNIN
1304013,PROVINCIAS,LEONOR ORDOÑEZ,JAUJA,JUNIN
1304014,PROVINCIAS,LLOCLLAPAMPA,JAUJA,JUNIN
1304015,PROVINCIAS,MARCO,JAUJA,JUNIN
1304016,PROVINCIAS,MASMA,JAUJA,JUNIN
1304017,PROVINCIAS,MASMA CHICCHE,JAUJA,JUNIN
1304018,PROVINCIAS,MOLINOS,JAUJA,JUNIN
1304019,PROVINCIAS,MONOBAMBA,JAUJA,JUNIN
1304020,PROVINCIAS,MUQUI,JAUJA,JUNIN
1304021,PROVINCIAS,MUQUIYAUYO,JAUJA,JUNIN
1304022,PROVINCIAS,PACA,JAUJA,JUNIN
1304023,PROVINCIAS,PACCHA,JAUJA,JUNIN
1304024,PROVINCIAS,PANCAN,JAUJA,JUNIN
1304025,PROVINCIAS,PARCO,JAUJA,JUNIN
1304026,PROVINCIAS,POMACANCHA,JAUJA,JUNIN
1304027,PROVINCIAS,RICRAN,JAUJA,JUNIN
1304028,PROVINCIAS,SAN LORENZO,JAUJA,JUNIN
1304029,PROVINCIAS,SAN PEDRO DE CHUNAN ,JAUJA,JUNIN
1304030,PROVINCIAS,SAUSA,JAUJA,JUNIN
1304031,PROVINCIAS,SINCOS,JAUJA,JUNIN
1304032,PROVINCIAS,TUNAN MARCA,JAUJA,JUNIN
1304033,PROVINCIAS,YAULI,JAUJA,JUNIN
1304034,PROVINCIAS,YAUYOS,JAUJA,JUNIN
1305000,PROVINCIAS,JUNIN,JUNIN,JUNIN
1305001,PROVINCIAS,CARHUAMAYO,JUNIN,JUNIN
1305002,PROVINCIAS,JUNIN,JUNIN,JUNIN
1305003,PROVINCIAS,ONDORES,JUNIN,JUNIN
1305004,PROVINCIAS,ULCUMAYO,JUNIN,JUNIN
1306000,PROVINCIAS,SATIPO,SATIPO,JUNIN
1306001,PROVINCIAS,COVIRIALI,SATIPO,JUNIN
1306002,PROVINCIAS,LLAYLLA,SATIPO,JUNIN
1306003,PROVINCIAS,MAZAMARI,SATIPO,JUNIN
1306004,PROVINCIAS,PAMPA HERMOSA,SATIPO,JUNIN
1306005,PROVINCIAS,PANGOA,SATIPO,JUNIN
1306006,PROVINCIAS,RIO NEGRO,SATIPO,JUNIN
1306007,PROVINCIAS,RIO TAMBO,SATIPO,JUNIN
1306008,PROVINCIAS,SATIPO,SATIPO,JUNIN
1307000,PROVINCIAS,TARMA,TARMA,JUNIN
1307001,PROVINCIAS,ACOBAMBA,TARMA,JUNIN
1307002,PROVINCIAS,HUARICOLCA,TARMA,JUNIN
1307003,PROVINCIAS,HUASAHUASI,TARMA,JUNIN
1307004,PROVINCIAS,LA UNION,TARMA,JUNIN
1307005,PROVINCIAS,PALCA,TARMA,JUNIN
1307006,PROVINCIAS,PALCAMAYO,TARMA,JUNIN
1307007,PROVINCIAS,SAN PEDRO DE CAJAS,TARMA,JUNIN
1307008,PROVINCIAS,TAPO,TARMA,JUNIN
1307009,PROVINCIAS,TARMA,TARMA,JUNIN
1308000,PROVINCIAS,YAULI,YAULI,JUNIN
1308001,PROVINCIAS,CHACAPALPA,YAULI,JUNIN
1308002,PROVINCIAS,HUAY HUAY,YAULI,JUNIN
1308003,PROVINCIAS,LA OROYA,YAULI,JUNIN
1308004,PROVINCIAS,MARCAPOMACOCHA,YAULI,JUNIN
1308005,PROVINCIAS,MOROCOCHA,YAULI,JUNIN
1308006,PROVINCIAS,PACCHA,YAULI,JUNIN
1308007,PROVINCIAS,SANTA BARBARA CAHUAC,YAULI,JUNIN
1308008,PROVINCIAS,SANTA ROSA DE SACCO,YAULI,JUNIN
1308009,PROVINCIAS,SUITUCANCHA,YAULI,JUNIN
1308010,PROVINCIAS,YAULI,YAULI,JUNIN
1400000,PROVINCIAS,LA LIBERTAD,LA LIBERTAD,LA LIBERTAD
1401000,PROVINCIAS,TRUJILLO,TRUJILLO,LA LIBERTAD
1401001,PROVINCIAS,EL PORVENIR,TRUJILLO,LA LIBERTAD
1401002,PROVINCIAS,FLORENCIA DE MORA,TRUJILLO,LA LIBERTAD
1401003,PROVINCIAS,HUANCHACO,TRUJILLO,LA LIBERTAD
1401004,PROVINCIAS,LA ESPERANZA,TRUJILLO,LA LIBERTAD
1401005,PROVINCIAS,LAREDO,TRUJILLO,LA LIBERTAD
1401006,PROVINCIAS,MOCHE,TRUJILLO,LA LIBERTAD
1401007,PROVINCIAS,POROTO,TRUJILLO,LA LIBERTAD
1401008,PROVINCIAS,SALAVERRY,TRUJILLO,LA LIBERTAD
1401009,PROVINCIAS,SIMBAL,TRUJILLO,LA LIBERTAD
1401010,PROVINCIAS,TRUJILLO,TRUJILLO,LA LIBERTAD
1401011,PROVINCIAS,VICTOR LARCO HERRERA ,TRUJILLO,LA LIBERTAD
1401012,PROVINCIAS,VIRU,TRUJILLO,LA LIBERTAD
1402000,PROVINCIAS,ASCOPE,ASCOPE,LA LIBERTAD
1402001,PROVINCIAS,ASCOPE,ASCOPE,LA LIBERTAD
1402002,PROVINCIAS,CHICAMA,ASCOPE,LA LIBERTAD
1402003,PROVINCIAS,CHOCOPE,ASCOPE,LA LIBERTAD
1402004,PROVINCIAS,MAGDALENA DE CAO,ASCOPE,LA LIBERTAD
1402005,PROVINCIAS,PAIJAN,ASCOPE,LA LIBERTAD
1402006,PROVINCIAS,RAZURI,ASCOPE,LA LIBERTAD
1402007,PROVINCIAS,SANTIAGO DE CAO,ASCOPE,LA LIBERTAD
1402008,PROVINCIAS,CASA GRANDE,ASCOPE,LA LIBERTAD
1403000,PROVINCIAS,BOLIVAR,BOLIVAR,LA LIBERTAD
1403001,PROVINCIAS,BAMBAMARCA,BOLIVAR,LA LIBERTAD
1403002,PROVINCIAS,BOLIVAR,BOLIVAR,LA LIBERTAD
1403003,PROVINCIAS,CONDORMARCA,BOLIVAR,LA LIBERTAD
1403004,PROVINCIAS,LONGOTEA,BOLIVAR,LA LIBERTAD
1403005,PROVINCIAS,UCHUMARCA,BOLIVAR,LA LIBERTAD
1403006,PROVINCIAS,UCUNCHA,BOLIVAR,LA LIBERTAD
1404000,PROVINCIAS,CHEPEN,CHEPEN,LA LIBERTAD
1404001,PROVINCIAS,CHEPEN,CHEPEN,LA LIBERTAD
1404002,PROVINCIAS,PACANGA,CHEPEN,LA LIBERTAD
1404003,PROVINCIAS,PUEBLO NUEVO,CHEPEN,LA LIBERTAD
1405000,PROVINCIAS,JULCAN,JULCAN,LA LIBERTAD
1405001,PROVINCIAS,CALAMARCA,JULCAN,LA LIBERTAD
1405002,PROVINCIAS,CARABAMBA,JULCAN,LA LIBERTAD
1405003,PROVINCIAS,HUASO,JULCAN,LA LIBERTAD
1405004,PROVINCIAS,JULCAN,JULCAN,LA LIBERTAD
1406000,PROVINCIAS,OTUZCO,OTUZCO,LA LIBERTAD
1406001,PROVINCIAS,AGALLPAMPA,OTUZCO,LA LIBERTAD
1406002,PROVINCIAS,CASCAS,OTUZCO,LA LIBERTAD
1406003,PROVINCIAS,CHARAT,OTUZCO,LA LIBERTAD
1406004,PROVINCIAS,HUARANCHAL,OTUZCO,LA LIBERTAD
1406005,PROVINCIAS,LA CUESTA,OTUZCO,LA LIBERTAD
1406006,PROVINCIAS,LUCMA,OTUZCO,LA LIBERTAD
1406007,PROVINCIAS,MACHE,OTUZCO,LA LIBERTAD
1406008,PROVINCIAS,MARMOT,OTUZCO,LA LIBERTAD
1406009,PROVINCIAS,OTUZCO,OTUZCO,LA LIBERTAD
1406010,PROVINCIAS,PARANDAY,OTUZCO,LA LIBERTAD
1406011,PROVINCIAS,SALPO,OTUZCO,LA LIBERTAD
1406012,PROVINCIAS,SAYAPULLO,OTUZCO,LA LIBERTAD
1406013,PROVINCIAS,SINSICAP,OTUZCO,LA LIBERTAD
1406014,PROVINCIAS,USQUIL,OTUZCO,LA LIBERTAD
1407000,PROVINCIAS,PACASMAYO,PACASMAYO,LA LIBERTAD
1407001,PROVINCIAS,GUADALUPE,PACASMAYO,LA LIBERTAD
1407002,PROVINCIAS,JEQUETEPEQUE,PACASMAYO,LA LIBERTAD
1407003,PROVINCIAS,PACASMAYO,PACASMAYO,LA LIBERTAD
1407004,PROVINCIAS,SAN JOSE,PACASMAYO,LA LIBERTAD
1407005,PROVINCIAS,SAN PEDRO DE LLOC ,PACASMAYO,LA LIBERTAD
1408000,PROVINCIAS,PATAZ,PATAZ,LA LIBERTAD
1408001,PROVINCIAS,BULDIBUYO,PATAZ,LA LIBERTAD
1408002,PROVINCIAS,CHILLIA,PATAZ,LA LIBERTAD
1408003,PROVINCIAS,HUANCASPATA,PATAZ,LA LIBERTAD
1408004,PROVINCIAS,HUAYLILLAS,PATAZ,LA LIBERTAD
1408005,PROVINCIAS,HUAYO,PATAZ,LA LIBERTAD
1408006,PROVINCIAS,ONGON,PATAZ,LA LIBERTAD
1408007,PROVINCIAS,PARCOY,PATAZ,LA LIBERTAD
1408008,PROVINCIAS,PATAZ,PATAZ,LA LIBERTAD
1408009,PROVINCIAS,PIAS,PATAZ,LA LIBERTAD
1408010,PROVINCIAS,SANTIAGO DE CHALLAS,PATAZ,LA LIBERTAD
1408011,PROVINCIAS,TAURIJA,PATAZ,LA LIBERTAD
1408012,PROVINCIAS,TAYABAMBA,PATAZ,LA LIBERTAD
1408013,PROVINCIAS,URPAY,PATAZ,LA LIBERTAD
1409000,PROVINCIAS,SANCHEZ CARRION,SANCHEZ CARRION,LA LIBERTAD
1409001,PROVINCIAS,CHUGAY,SANCHEZ CARRION,LA LIBERTAD
1409002,PROVINCIAS,COCHORCO,SANCHEZ CARRION,LA LIBERTAD
1409003,PROVINCIAS,CURGOS,SANCHEZ CARRION,LA LIBERTAD
1409004,PROVINCIAS,HUAMACHUCO,SANCHEZ CARRION,LA LIBERTAD
1409005,PROVINCIAS,MARCABAL,SANCHEZ CARRION,LA LIBERTAD
1409006,PROVINCIAS,SANAGORAN,SANCHEZ CARRION,LA LIBERTAD
1409007,PROVINCIAS,SARIN,SANCHEZ CARRION,LA LIBERTAD
1409008,PROVINCIAS,SARTIBAMBA,SANCHEZ CARRION,LA LIBERTAD
1410000,PROVINCIAS,SANTIAGO DE CHUCO ,SANTIAGO DE CHUCO ,LA LIBERTAD
1410001,PROVINCIAS,ANGASMARCA,SANTIAGO DE CHUCO ,LA LIBERTAD
1410002,PROVINCIAS,CACHICADAN,SANTIAGO DE CHUCO ,LA LIBERTAD
1410003,PROVINCIAS,MOLLEBAMBA,SANTIAGO DE CHUCO ,LA LIBERTAD
1410004,PROVINCIAS,MOLLEPATA,SANTIAGO DE CHUCO ,LA LIBERTAD
1410005,PROVINCIAS,QUIRUVILCA,SANTIAGO DE CHUCO ,LA LIBERTAD
1410006,PROVINCIAS,SANTA CRUZ DE CHUCA,SANTIAGO DE CHUCO ,LA LIBERTAD
1410007,PROVINCIAS,SANTIAGO DE CHUCO,SANTIAGO DE CHUCO ,LA LIBERTAD
1410008,PROVINCIAS,SITABAMBA,SANTIAGO DE CHUCO ,LA LIBERTAD
1411000,PROVINCIAS,GRAN CHIMU,GRAN CHIMU,LA LIBERTAD
1411001,PROVINCIAS,CASCAS,GRAN CHIMU,LA LIBERTAD
1411002,PROVINCIAS,LUCMA,GRAN CHIMU,LA LIBERTAD
1411003,PROVINCIAS,MARMOT,GRAN CHIMU,LA LIBERTAD
1411004,PROVINCIAS,SAYAPULLO,GRAN CHIMU,LA LIBERTAD
1412000,PROVINCIAS,VIRU,VIRU,LA LIBERTAD
1412001,PROVINCIAS,VIRU,VIRU,LA LIBERTAD
1412002,PROVINCIAS,CHAO,VIRU,LA LIBERTAD
1412003,PROVINCIAS,GUADALUPITO,VIRU,LA LIBERTAD
1500000,PROVINCIAS,LAMBAYEQUE,LAMBAYEQUE,LAMBAYEQUE
1501000,PROVINCIAS,CHICLAYO,CHICLAYO,LAMBAYEQUE
1501001,PROVINCIAS,CHICLAYO,CHICLAYO,LAMBAYEQUE
1501002,PROVINCIAS,CHONGOYAPE,CHICLAYO,LAMBAYEQUE
1501003,PROVINCIAS,ETEN,CHICLAYO,LAMBAYEQUE
1501004,PROVINCIAS,ETEN PUERTO,CHICLAYO,LAMBAYEQUE
1501005,PROVINCIAS,JOSE LEONARDO ORTIZ ,CHICLAYO,LAMBAYEQUE
1501006,PROVINCIAS,LA VICTORIA,CHICLAYO,LAMBAYEQUE
1501007,PROVINCIAS,LAGUNAS,CHICLAYO,LAMBAYEQUE
1501008,PROVINCIAS,MONSEFU,CHICLAYO,LAMBAYEQUE
1501009,PROVINCIAS,NUEVA ARICA,CHICLAYO,LAMBAYEQUE
1501010,PROVINCIAS,OYOTUN,CHICLAYO,LAMBAYEQUE
1501011,PROVINCIAS,PICSI,CHICLAYO,LAMBAYEQUE
1501012,PROVINCIAS,PIMENTEL,CHICLAYO,LAMBAYEQUE
1501013,PROVINCIAS,REQUE,CHICLAYO,LAMBAYEQUE
1501014,PROVINCIAS,SANTA ROSA,CHICLAYO,LAMBAYEQUE
1501015,PROVINCIAS,SAÑA,CHICLAYO,LAMBAYEQUE
1501016,PROVINCIAS,CAYALTI,CHICLAYO,LAMBAYEQUE
1501017,PROVINCIAS,PATAPO,CHICLAYO,LAMBAYEQUE
1501018,PROVINCIAS,POMALCA,CHICLAYO,LAMBAYEQUE
1501019,PROVINCIAS,PUCALA,CHICLAYO,LAMBAYEQUE
1501020,PROVINCIAS,TUMAN,CHICLAYO,LAMBAYEQUE
1502000,PROVINCIAS,FERREÑAFE,FERREÑAFE,LAMBAYEQUE
1502001,PROVINCIAS,CAÑARIS,FERREÑAFE,LAMBAYEQUE
1502002,PROVINCIAS,FERREÑAFE,FERREÑAFE,LAMBAYEQUE
1502003,PROVINCIAS,INCAHUASI,FERREÑAFE,LAMBAYEQUE
1502004,PROVINCIAS,MANUEL ANTONIO MESON ,FERREÑAFE,LAMBAYEQUE
1502005,PROVINCIAS,PITIPO,FERREÑAFE,LAMBAYEQUE
1502006,PROVINCIAS,PUEBLO NUEVO,FERREÑAFE,LAMBAYEQUE
1503000,PROVINCIAS,LAMBAYEQUE,LAMBAYEQUE,LAMBAYEQUE
1503001,PROVINCIAS,CHOCHOPE,LAMBAYEQUE,LAMBAYEQUE
1503002,PROVINCIAS,ILLIMO,LAMBAYEQUE,LAMBAYEQUE
1503003,PROVINCIAS,JAYANCA,LAMBAYEQUE,LAMBAYEQUE
1503004,PROVINCIAS,LAMBAYEQUE,LAMBAYEQUE,LAMBAYEQUE
1503005,PROVINCIAS,MOCHUMI,LAMBAYEQUE,LAMBAYEQUE
1503006,PROVINCIAS,MORROPE,LAMBAYEQUE,LAMBAYEQUE
1503007,PROVINCIAS,MOTUPE,LAMBAYEQUE,LAMBAYEQUE
1503008,PROVINCIAS,OLMOS,LAMBAYEQUE,LAMBAYEQUE
1503009,PROVINCIAS,PACORA,LAMBAYEQUE,LAMBAYEQUE
1503010,PROVINCIAS,SALAS,LAMBAYEQUE,LAMBAYEQUE
1503011,PROVINCIAS,SAN JOSE,LAMBAYEQUE,LAMBAYEQUE
1503012,PROVINCIAS,TUCUME,LAMBAYEQUE,LAMBAYEQUE
1600000,PROVINCIAS,LORETO,LORETO,LORETO
1601000,PROVINCIAS,MAYNAS,MAYNAS,LORETO
1601001,PROVINCIAS,ALTO NANAY,MAYNAS,LORETO
1601002,PROVINCIAS,FERNANDO LORES,MAYNAS,LORETO
1601003,PROVINCIAS,INDIANA,MAYNAS,LORETO
1601004,PROVINCIAS,IQUITOS,MAYNAS,LORETO
1601005,PROVINCIAS,LAS AMAZONAS,MAYNAS,LORETO
1601006,PROVINCIAS,MAZAN,MAYNAS,LORETO
1601007,PROVINCIAS,NAPO,MAYNAS,LORETO
1601008,PROVINCIAS,PUNCHANA,MAYNAS,LORETO
1601009,PROVINCIAS,PUTUMAYO,MAYNAS,LORETO
1601010,PROVINCIAS,TORRES CAUSANA,MAYNAS,LORETO
1601011,PROVINCIAS,BELEN,MAYNAS,LORETO
1601012,PROVINCIAS,SAN JUAN BAUTISTA,MAYNAS,LORETO
1602000,PROVINCIAS,ALTO AMAZONAS,ALTO AMAZONAS,LORETO
1602001,PROVINCIAS,BALSAPUERTO,ALTO AMAZONAS,LORETO
1602002,PROVINCIAS,BARRANCA,ALTO AMAZONAS,LORETO
1602003,PROVINCIAS,CAHUAPANAS,ALTO AMAZONAS,LORETO
1602004,PROVINCIAS,JEBEROS,ALTO AMAZONAS,LORETO
1602005,PROVINCIAS,LAGUNAS,ALTO AMAZONAS,LORETO
1602006,PROVINCIAS,MANSERICHE,ALTO AMAZONAS,LORETO
1602007,PROVINCIAS,MORONA,ALTO AMAZONAS,LORETO
1602008,PROVINCIAS,PASTAZA,ALTO AMAZONAS,LORETO
1602009,PROVINCIAS,SANTA CRUZ,ALTO AMAZONAS,LORETO
1602010,PROVINCIAS,TENIENTE CESAR LOPEZ ,ALTO AMAZONAS,LORETO
1602011,PROVINCIAS,YURIMAGUAS,ALTO AMAZONAS,LORETO
1603000,PROVINCIAS,LORETO,LORETO,LORETO
1603001,PROVINCIAS,NAUTA,LORETO,LORETO
1603002,PROVINCIAS,PARINARI,LORETO,LORETO
1603003,PROVINCIAS,TIGRE,LORETO,LORETO
1603004,PROVINCIAS,TROMPETEROS,LORETO,LORETO
1603005,PROVINCIAS,URARINAS,LORETO,LORETO
1604000,PROVINCIAS,MRSCAL RAMON CASTILL,MRSCAL RAMON CASTILL,LORETO
1604001,PROVINCIAS,PEBAS,MRSCAL RAMON CASTILL,LORETO
1604002,PROVINCIAS,RAMON CASTILLA,MRSCAL RAMON CASTILL,LORETO
1604003,PROVINCIAS,YAVARI,MRSCAL RAMON CASTILL,LORETO
1604004,PROVINCIAS,SAN PABLO,MRSCAL RAMON CASTILL,LORETO
1605000,PROVINCIAS,REQUENA,REQUENA,LORETO
1605001,PROVINCIAS,ALTO TAPICHE,REQUENA,LORETO
1605002,PROVINCIAS,CAPELO,REQUENA,LORETO
1605003,PROVINCIAS,EMILIO SAN MARTIN,REQUENA,LORETO
1605004,PROVINCIAS,MAQUIA,REQUENA,LORETO
1605005,PROVINCIAS,PUINAHUA,REQUENA,LORETO
1605006,PROVINCIAS,REQUENA,REQUENA,LORETO
1605007,PROVINCIAS,SAQUENA,REQUENA,LORETO
1605008,PROVINCIAS,SOPLIN,REQUENA,LORETO
1605009,PROVINCIAS,TAPICHE,REQUENA,LORETO
1605010,PROVINCIAS,JENARO HERRERA,REQUENA,LORETO
1605011,PROVINCIAS,YAQUERANA,REQUENA,LORETO
1606000,PROVINCIAS,UCAYALI,UCAYALI,LORETO
1606001,PROVINCIAS,CONTAMANA,UCAYALI,LORETO
1606002,PROVINCIAS,INAHUAYA,UCAYALI,LORETO
1606003,PROVINCIAS,PADRE MARQUEZ,UCAYALI,LORETO
1606004,PROVINCIAS,PAMPA HERMOSA,UCAYALI,LORETO
1606005,PROVINCIAS,SARAYACU,UCAYALI,LORETO
1606006,PROVINCIAS,VARGAS GUERRA,UCAYALI,LORETO
1700000,PROVINCIAS,MADRE DE DIOS,MADRE DE DIOS,MADRE DE DIOS
1701000,PROVINCIAS,MANU,MANU,MADRE DE DIOS
1701001,PROVINCIAS,FITZCARRALD,MANU,MADRE DE DIOS
1701002,PROVINCIAS,MADRE DE DIOS,MANU,MADRE DE DIOS
1701003,PROVINCIAS,MANU,MANU,MADRE DE DIOS
1701004,PROVINCIAS,HOEPETUHE,MANU,MADRE DE DIOS
1702000,PROVINCIAS,TAHUAMANU,TAHUAMANU,MADRE DE DIOS
1702001,PROVINCIAS,IBERIA,TAHUAMANU,MADRE DE DIOS
1702002,PROVINCIAS,IÑAPARI,TAHUAMANU,MADRE DE DIOS
1702003,PROVINCIAS,TAHUAMANU,TAHUAMANU,MADRE DE DIOS
1703000,PROVINCIAS,TAMBOPATA,TAMBOPATA,MADRE DE DIOS
1703001,PROVINCIAS,INAMBARI,TAMBOPATA,MADRE DE DIOS
1703002,PROVINCIAS,LAS PIEDRAS,TAMBOPATA,MADRE DE DIOS
1703003,PROVINCIAS,TAMBOPATA,TAMBOPATA,MADRE DE DIOS
1703004,PROVINCIAS,LABERINTO,TAMBOPATA,MADRE DE DIOS
1800000,PROVINCIAS,MOQUEGUA,MOQUEGUA,MOQUEGUA
1801000,PROVINCIAS,MSCAL NIETO,MSCAL NIETO,MOQUEGUA
1801001,PROVINCIAS,CARUMAS,MSCAL NIETO,MOQUEGUA
1801002,PROVINCIAS,CUCHUMBAYA,MSCAL NIETO,MOQUEGUA
1801003,PROVINCIAS,MOQUEGUA,MSCAL NIETO,MOQUEGUA
1801004,PROVINCIAS,SAMEGUA,MSCAL NIETO,MOQUEGUA
1801005,PROVINCIAS,SAN CRISTOBAL,MSCAL NIETO,MOQUEGUA
1801006,PROVINCIAS,TORATA,MSCAL NIETO,MOQUEGUA
1802000,PROVINCIAS,GRAL SANCHEZ CERRO,GRAL SANCHEZ CERRO,MOQUEGUA
1802001,PROVINCIAS,CHOJATA,GRAL SANCHEZ CERRO,MOQUEGUA
1802002,PROVINCIAS,COALAQUE,GRAL SANCHEZ CERRO,MOQUEGUA
1802003,PROVINCIAS,ICHUÑA,GRAL SANCHEZ CERRO,MOQUEGUA
1802004,PROVINCIAS,LA CAPILLA,GRAL SANCHEZ CERRO,MOQUEGUA
1802005,PROVINCIAS,LLOQUE,GRAL SANCHEZ CERRO,MOQUEGUA
1802006,PROVINCIAS,MATALACHE,GRAL SANCHEZ CERRO,MOQUEGUA
1802007,PROVINCIAS,OMATE,GRAL SANCHEZ CERRO,MOQUEGUA
1802008,PROVINCIAS,PUQUINA,GRAL SANCHEZ CERRO,MOQUEGUA
1802009,PROVINCIAS,QUINISTAQUILLAS,GRAL SANCHEZ CERRO,MOQUEGUA
1802010,PROVINCIAS,UBINAS,GRAL SANCHEZ CERRO,MOQUEGUA
1802011,PROVINCIAS,YUNGA,GRAL SANCHEZ CERRO,MOQUEGUA
1803000,PROVINCIAS,ILO,ILO,MOQUEGUA
1803001,PROVINCIAS,EL ALGARROBAL,ILO,MOQUEGUA
1803002,PROVINCIAS,ILO,ILO,MOQUEGUA
1803003,PROVINCIAS,PACOCHA,ILO,MOQUEGUA
1900000,PROVINCIAS,PASCO,PASCO,PASCO
1901000,PROVINCIAS,PASCO,PASCO,PASCO
1901001,PROVINCIAS,CHAUPIMARCA,PASCO,PASCO
1901002,PROVINCIAS,HUACHON,PASCO,PASCO
1901003,PROVINCIAS,HUARIACA,PASCO,PASCO
1901004,PROVINCIAS,HUAYLLAY,PASCO,PASCO
1901005,PROVINCIAS,NINACACA,PASCO,PASCO
1901006,PROVINCIAS,PALLANCHACRA,PASCO,PASCO
1901007,PROVINCIAS,PAUCARTAMBO,PASCO,PASCO
1901008,PROVINCIAS,SAN FCO DE YARUSCAYA,PASCO,PASCO
1901009,PROVINCIAS,SIMON BOLIVAR,PASCO,PASCO
1901010,PROVINCIAS,TICLACAYAN,PASCO,PASCO
1901011,PROVINCIAS,TINYAHUARCO,PASCO,PASCO
1901012,PROVINCIAS,VICCO,PASCO,PASCO
1901013,PROVINCIAS,YANACANCHA,PASCO,PASCO
1902000,PROVINCIAS,DANIEL A. CARRION,DANIEL A. CARRION,PASCO
1902001,PROVINCIAS,CHACAYAN,DANIEL A. CARRION,PASCO
1902002,PROVINCIAS,GOYLLARISQUIZGA,DANIEL A. CARRION,PASCO
1902003,PROVINCIAS,PAUCAR,DANIEL A. CARRION,PASCO
1902004,PROVINCIAS,SAN PEDRO DE PILLAO,DANIEL A. CARRION,PASCO
1902005,PROVINCIAS,SANTA ANA DE TUSI,DANIEL A. CARRION,PASCO
1902006,PROVINCIAS,TAPUC,DANIEL A. CARRION,PASCO
1902007,PROVINCIAS,VILCABAMBA,DANIEL A. CARRION,PASCO
1902008,PROVINCIAS,YANAHUANCA,DANIEL A. CARRION,PASCO
1903000,PROVINCIAS,OXAPAMPA,OXAPAMPA,PASCO
1903001,PROVINCIAS,CHONTABAMBA,OXAPAMPA,PASCO
1903002,PROVINCIAS,HUANCABAMBA,OXAPAMPA,PASCO
1903003,PROVINCIAS,OXAPAMPA,OXAPAMPA,PASCO
1903004,PROVINCIAS,PALCAZU,OXAPAMPA,PASCO
1903005,PROVINCIAS,POZUZO,OXAPAMPA,PASCO
1903006,PROVINCIAS,PUERTO BERMUDEZ,OXAPAMPA,PASCO
1903007,PROVINCIAS,VILLA RICA,OXAPAMPA,PASCO
2000000,PROVINCIAS,PIURA,PIURA,PIURA
2001000,PROVINCIAS,PIURA,PIURA,PIURA
2001001,PROVINCIAS,BELLAVISTA DE LA UNI ,PIURA,PIURA
2001002,PROVINCIAS,BERNAL,PIURA,PIURA
2001003,PROVINCIAS,CASTILLA,PIURA,PIURA
2001004,PROVINCIAS,CATACAOS,PIURA,PIURA
2001005,PROVINCIAS,CRISTO NOS VALGA,PIURA,PIURA
2001006,PROVINCIAS,CURA MORI,PIURA,PIURA
2001007,PROVINCIAS,EL TALLAN,PIURA,PIURA
2001008,PROVINCIAS,LA ARENA,PIURA,PIURA
2001009,PROVINCIAS,LA UNION,PIURA,PIURA
2001010,PROVINCIAS,LAS LOMAS,PIURA,PIURA
2001011,PROVINCIAS,PIURA,PIURA,PIURA
2001012,PROVINCIAS,RINCONADA LLICUAR,PIURA,PIURA
2001013,PROVINCIAS,SECHURA,PIURA,PIURA
2001014,PROVINCIAS,TAMBO GRANDE,PIURA,PIURA
2001015,PROVINCIAS,VICE,PIURA,PIURA
2001016,PROVINCIAS,SECHURA,PIURA,PIURA
2002000,PROVINCIAS,AYABACA,AYABACA,PIURA
2002001,PROVINCIAS,6YABACA,AYABACA,PIURA
2002002,PROVINCIAS,FRIAS,AYABACA,PIURA
2002003,PROVINCIAS,JILILI,AYABACA,PIURA
2002004,PROVINCIAS,LAGUNAS,AYABACA,PIURA
2002005,PROVINCIAS,MONTERO,AYABACA,PIURA
2002006,PROVINCIAS,PACAIPAMPA,AYABACA,PIURA
2002007,PROVINCIAS,PAIMAS,AYABACA,PIURA
2002008,PROVINCIAS,SAPILLICA,AYABACA,PIURA
2002009,PROVINCIAS,SICCHEZ,AYABACA,PIURA
2002010,PROVINCIAS,SUYO,AYABACA,PIURA
2003000,PROVINCIAS,HUANCABAMBA,HUANCABAMBA,PIURA
2003001,PROVINCIAS,CANCHAQUE,HUANCABAMBA,PIURA
2003002,PROVINCIAS,EL CARMEN DE LA FRON,HUANCABAMBA,PIURA
2003003,PROVINCIAS,HUANCABAMBA,HUANCABAMBA,PIURA
2003004,PROVINCIAS,HUARMACA,HUANCABAMBA,PIURA
2003005,PROVINCIAS,LALAQUIZ,HUANCABAMBA,PIURA
2003006,PROVINCIAS,SAN MIGUEL DEL FAIQU ,HUANCABAMBA,PIURA
2003007,PROVINCIAS,SONDOR,HUANCABAMBA,PIURA
2003008,PROVINCIAS,SONDORILLO,HUANCABAMBA,PIURA
2004000,PROVINCIAS,MORROPON,MORROPON,PIURA
2004001,PROVINCIAS,BUENOS AIRES,MORROPON,PIURA
2004002,PROVINCIAS,CHALACO,MORROPON,PIURA
2004003,PROVINCIAS,CHULUCANAS,MORROPON,PIURA
2004004,PROVINCIAS,LA MATANZA,MORROPON,PIURA
2004005,PROVINCIAS,MORROPON,MORROPON,PIURA
2004006,PROVINCIAS,SALITRAL,MORROPON,PIURA
2004007,PROVINCIAS,SAN JUAN DE BIGOTE,MORROPON,PIURA
2004008,PROVINCIAS,SANTA CATALINA DE MO,MORROPON,PIURA
2004009,PROVINCIAS,SANTO DOMINGO,MORROPON,PIURA
2004010,PROVINCIAS,YAMANGO,MORROPON,PIURA
2005000,PROVINCIAS,PAITA,PAITA,PIURA
2005001,PROVINCIAS,AMOTAPE,PAITA,PIURA
2005002,PROVINCIAS,ARENAL,PAITA,PIURA
2005003,PROVINCIAS,COLAN,PAITA,PIURA
2005004,PROVINCIAS,LA HUACA,PAITA,PIURA
2005005,PROVINCIAS,PAITA,PAITA,PIURA
2005006,PROVINCIAS,TAMARINDO,PAITA,PIURA
2005007,PROVINCIAS,VICHAYAL,PAITA,PIURA
2006000,PROVINCIAS,SULLANA,SULLANA,PIURA
2006001,PROVINCIAS,BELLAVISTA,SULLANA,PIURA
2006002,PROVINCIAS,IGNACIO ESCUDERO,SULLANA,PIURA
2006003,PROVINCIAS,LANCONES,SULLANA,PIURA
2006004,PROVINCIAS,MARCAVELICA,SULLANA,PIURA
2006005,PROVINCIAS,MIGUEL CHECA,SULLANA,PIURA
2006006,PROVINCIAS,QUERECOTILLO,SULLANA,PIURA
2006007,PROVINCIAS,SALITRAL,SULLANA,PIURA
2006008,PROVINCIAS,SULLANA,SULLANA,PIURA
2007000,PROVINCIAS,TALARA,TALARA,PIURA
2007001,PROVINCIAS,TALARA,TALARA,PIURA
2007002,PROVINCIAS,LA BREA,TALARA,PIURA
2007003,PROVINCIAS,LOBITOS,TALARA,PIURA
2007004,PROVINCIAS,LOS ORGANOS,TALARA,PIURA
2007005,PROVINCIAS,MANCORA,TALARA,PIURA
2007006,PROVINCIAS,PARIÑAS,TALARA,PIURA
2007007,PROVINCIAS,EL ALTO,TALARA,PIURA
2100000,PROVINCIAS,PUNO,PUNO,PUNO
2101000,PROVINCIAS,PUNO,PUNO,PUNO
2101001,PROVINCIAS,ACORA,PUNO,PUNO
2101002,PROVINCIAS,AMANTANI,PUNO,PUNO
2101003,PROVINCIAS,ATUNCOLLA,PUNO,PUNO
2101004,PROVINCIAS,CAPACHICA,PUNO,PUNO
2101005,PROVINCIAS,CHUCUITO,PUNO,PUNO
2101006,PROVINCIAS,COATA,PUNO,PUNO
2101007,PROVINCIAS,HUATA,PUNO,PUNO
2101008,PROVINCIAS,MAÑAZO,PUNO,PUNO
2101009,PROVINCIAS,PAUCARCOLLA,PUNO,PUNO
2101010,PROVINCIAS,PICHACANI,PUNO,PUNO
2101011,PROVINCIAS,PLATERIA,PUNO,PUNO
2101012,PROVINCIAS,PUNO,PUNO,PUNO
2101013,PROVINCIAS,SAN ANTONIO,PUNO,PUNO
2101014,PROVINCIAS,TIQUILLACA,PUNO,PUNO
2101015,PROVINCIAS,VILQUE,PUNO,PUNO
2102000,PROVINCIAS,AZANGARO,AZANGARO,PUNO
2102001,PROVINCIAS,ACHAYA,AZANGARO,PUNO
2102002,PROVINCIAS,ARAPA,AZANGARO,PUNO
2102003,PROVINCIAS,ASILLO,AZANGARO,PUNO
2102004,PROVINCIAS,AZANGARO,AZANGARO,PUNO
2102005,PROVINCIAS,CAMINACA,AZANGARO,PUNO
2102006,PROVINCIAS,CHUPA,AZANGARO,PUNO
2102007,PROVINCIAS,JOSE D. CHOQUEHUANCA,AZANGARO,PUNO
2102008,PROVINCIAS,MUÑANI,AZANGARO,PUNO
2102009,PROVINCIAS,POTONI,AZANGARO,PUNO
2102010,PROVINCIAS,SAMAN,AZANGARO,PUNO
2102011,PROVINCIAS,SAN ANTON,AZANGARO,PUNO
2102012,PROVINCIAS,SAN JOSE,AZANGARO,PUNO
2102013,PROVINCIAS,SAN JUAN DE SALINAS,AZANGARO,PUNO
2102014,PROVINCIAS,SANTIAGO DE PUPUJA,AZANGARO,PUNO
2102015,PROVINCIAS,TIRAPATA,AZANGARO,PUNO
2103000,PROVINCIAS,CARABAYA,CARABAYA,PUNO
2103001,PROVINCIAS,AJOYANI,CARABAYA,PUNO
2103002,PROVINCIAS,AYAPATA,CARABAYA,PUNO
2103003,PROVINCIAS,COASA,CARABAYA,PUNO
2103004,PROVINCIAS,CORANI,CARABAYA,PUNO
2103005,PROVINCIAS,CRUCERO,CARABAYA,PUNO
2103006,PROVINCIAS,ITUATA,CARABAYA,PUNO
2103007,PROVINCIAS,MACUSANI,CARABAYA,PUNO
2103008,PROVINCIAS,OLLACHEA,CARABAYA,PUNO
2103009,PROVINCIAS,SAN GABAN,CARABAYA,PUNO
2103010,PROVINCIAS,USICAYOS,CARABAYA,PUNO
2104000,PROVINCIAS,CHUCUITO,CHUCUITO,PUNO
2104001,PROVINCIAS,DESAGUADERO,CHUCUITO,PUNO
2104002,PROVINCIAS,HUACULLANI,CHUCUITO,PUNO
2104003,PROVINCIAS,JULI,CHUCUITO,PUNO
2104004,PROVINCIAS,KELLUYO,CHUCUITO,PUNO
2104005,PROVINCIAS,PISACOMA,CHUCUITO,PUNO
2104006,PROVINCIAS,POMATA,CHUCUITO,PUNO
2104007,PROVINCIAS,ZEPITA,CHUCUITO,PUNO
2105000,PROVINCIAS,EL COLLAO,EL COLLAO,PUNO
2105001,PROVINCIAS,CAPASO,EL COLLAO,PUNO
2105002,PROVINCIAS,ILAVE,EL COLLAO,PUNO
2105003,PROVINCIAS,PILCUYO,EL COLLAO,PUNO
2105004,PROVINCIAS,SANTA ROSA,EL COLLAO,PUNO
2105005,PROVINCIAS,CONDURIRI,EL COLLAO,PUNO
2106000,PROVINCIAS,HUANCANE,HUANCANE,PUNO
2106001,PROVINCIAS,COJATA,HUANCANE,PUNO
2106002,PROVINCIAS,HUANCANE,HUANCANE,PUNO
2106003,PROVINCIAS,HUATASANI,HUANCANE,PUNO
2106004,PROVINCIAS,INCHUPALLA,HUANCANE,PUNO
2106005,PROVINCIAS,PUSI,HUANCANE,PUNO
2106006,PROVINCIAS,ROSASPATA,HUANCANE,PUNO
2106007,PROVINCIAS,TARACO,HUANCANE,PUNO
2106008,PROVINCIAS,VILQUE CHICO,HUANCANE,PUNO
2107000,PROVINCIAS,LAMPA,LAMPA,PUNO
2107001,PROVINCIAS,CABANILLA,LAMPA,PUNO
2107002,PROVINCIAS,CALAPUJA,LAMPA,PUNO
2107003,PROVINCIAS,LAMPA,LAMPA,PUNO
2107004,PROVINCIAS,NICASIO,LAMPA,PUNO
2107005,PROVINCIAS,OCUVIRI,LAMPA,PUNO
2107006,PROVINCIAS,PALCA,LAMPA,PUNO
2107007,PROVINCIAS,PARATIA,LAMPA,PUNO
2107008,PROVINCIAS,PUCARA,LAMPA,PUNO
2107009,PROVINCIAS,SANTA LUCIA,LAMPA,PUNO
2107010,PROVINCIAS,VILAVILA,LAMPA,PUNO
2108000,PROVINCIAS,MELGAR,MELGAR,PUNO
2108001,PROVINCIAS,ANTAUTA,MELGAR,PUNO
2108002,PROVINCIAS,AYAVIRI,MELGAR,PUNO
2108003,PROVINCIAS,CUPI,MELGAR,PUNO
2108004,PROVINCIAS,LLALLI,MELGAR,PUNO
2108005,PROVINCIAS,MACARI,MELGAR,PUNO
2108006,PROVINCIAS,NUÑOA,MELGAR,PUNO
2108007,PROVINCIAS,ORURILLO,MELGAR,PUNO
2108008,PROVINCIAS,SANTA ROSA,MELGAR,PUNO
2108009,PROVINCIAS,UMACHIRI,MELGAR,PUNO
2109000,PROVINCIAS,MOHO,MOHO,PUNO
2109001,PROVINCIAS,CONIMA,MOHO,PUNO
2109002,PROVINCIAS,HUAYRAPATA,MOHO,PUNO
2109003,PROVINCIAS,MOHO,MOHO,PUNO
2109004,PROVINCIAS,TILALI,MOHO,PUNO
2110000,PROVINCIAS,SAN ANTONIO DE PUTIN ,SAN ANTONIO DE PUTIN ,PUNO
2110001,PROVINCIAS,ANANEA,SAN ANTONIO DE PUTIN ,PUNO
2110002,PROVINCIAS,PEDRO VILCA APAZA ,SAN ANTONIO DE PUTIN ,PUNO
2110003,PROVINCIAS,PUTINA,SAN ANTONIO DE PUTIN ,PUNO
2110004,PROVINCIAS,QUILCAPUNCU,SAN ANTONIO DE PUTIN ,PUNO
2110005,PROVINCIAS,SINA,SAN ANTONIO DE PUTIN ,PUNO
2111000,PROVINCIAS,SAN ROMAN,SAN ROMAN,PUNO
2111001,PROVINCIAS,CABANA,SAN ROMAN,PUNO
2111002,PROVINCIAS,CABANILLAS,SAN ROMAN,PUNO
2111003,PROVINCIAS,CARACOTO,SAN ROMAN,PUNO
2111004,PROVINCIAS,JULIACA,SAN ROMAN,PUNO
2112000,PROVINCIAS,SANDIA,SANDIA,PUNO
2112001,PROVINCIAS,CUYOCUYO,SANDIA,PUNO
2112002,PROVINCIAS,LIMBANI,SANDIA,PUNO
2112003,PROVINCIAS,PATAMBUCO,SANDIA,PUNO
2112004,PROVINCIAS,PHARA,SANDIA,PUNO
2112005,PROVINCIAS,QUIACA,SANDIA,PUNO
2112006,PROVINCIAS,SAN JUAN DEL ORO ,SANDIA,PUNO
2112007,PROVINCIAS,SANDIA,SANDIA,PUNO
2112008,PROVINCIAS,YANAHUAYA,SANDIA,PUNO
2112009,PROVINCIAS,ALTO INAMBARI,SANDIA,PUNO
2113000,PROVINCIAS,YUNGUYO,YUNGUYO,PUNO
2113001,PROVINCIAS,ANAPIA,YUNGUYO,PUNO
2113002,PROVINCIAS,COPANI,YUNGUYO,PUNO
2113003,PROVINCIAS,CUTURAPI,YUNGUYO,PUNO
2113004,PROVINCIAS,OLLARAYA,YUNGUYO,PUNO
2113005,PROVINCIAS,TINICACHI,YUNGUYO,PUNO
2113006,PROVINCIAS,UNICACHI,YUNGUYO,PUNO
2113007,PROVINCIAS,YUNGUYO,YUNGUYO,PUNO
2200000,PROVINCIAS,SAN MARTIN,SAN MARTIN,SAN MARTIN
2201000,PROVINCIAS,MOYOBAMBA,MOYOBAMBA,SAN MARTIN
2201001,PROVINCIAS,CALZADA,MOYOBAMBA,SAN MARTIN
2201002,PROVINCIAS,HABANA,MOYOBAMBA,SAN MARTIN
2201003,PROVINCIAS,JEPELACIO,MOYOBAMBA,SAN MARTIN
2201004,PROVINCIAS,MOYOBAMBA,MOYOBAMBA,SAN MARTIN
2201005,PROVINCIAS,SORITOR,MOYOBAMBA,SAN MARTIN
2201006,PROVINCIAS,YANTALO,MOYOBAMBA,SAN MARTIN
2202000,PROVINCIAS,BELLAVISTA,BELLAVISTA,SAN MARTIN
2202001,PROVINCIAS,ALTO BIAVO,BELLAVISTA,SAN MARTIN
2202002,PROVINCIAS,BAJO BIAVO,BELLAVISTA,SAN MARTIN
2202003,PROVINCIAS,BELLAVISTA,BELLAVISTA,SAN MARTIN
2202004,PROVINCIAS,HUALLAGA,BELLAVISTA,SAN MARTIN
2202005,PROVINCIAS,SAN PABLO,BELLAVISTA,SAN MARTIN
2202006,PROVINCIAS,SAN RAFAEL,BELLAVISTA,SAN MARTIN
2203000,PROVINCIAS,EL DORADO,EL DORADO,SAN MARTIN
2203001,PROVINCIAS,AGUA BLANCA,EL DORADO,SAN MARTIN
2203002,PROVINCIAS,SAN JOSE DE SISA ,EL DORADO,SAN MARTIN
2203003,PROVINCIAS,SAN MARTIN,EL DORADO,SAN MARTIN
2203004,PROVINCIAS,SANTA ROSA,EL DORADO,SAN MARTIN
2203005,PROVINCIAS,SHATOJA,EL DORADO,SAN MARTIN
2204000,PROVINCIAS,HUALLAGA,HUALLAGA,SAN MARTIN
2204001,PROVINCIAS,ALTO SAPOSOA,HUALLAGA,SAN MARTIN
2204002,PROVINCIAS,EL ESLABON,HUALLAGA,SAN MARTIN
2204003,PROVINCIAS,PISCOYACU,HUALLAGA,SAN MARTIN
2204004,PROVINCIAS,SACANCHE,HUALLAGA,SAN MARTIN
2204005,PROVINCIAS,SAPOSOA,HUALLAGA,SAN MARTIN
2204006,PROVINCIAS,TINGO DE SAPOSOA,HUALLAGA,SAN MARTIN
2205000,PROVINCIAS,LAMAS,LAMAS,SAN MARTIN
2205001,PROVINCIAS,ALONSO DE ALVARADO,LAMAS,SAN MARTIN
2205002,PROVINCIAS,BARRANQUITA,LAMAS,SAN MARTIN
2205003,PROVINCIAS,CAYNARACHI,LAMAS,SAN MARTIN
2205004,PROVINCIAS,CUÑUMBUQUI,LAMAS,SAN MARTIN
2205005,PROVINCIAS,LAMAS,LAMAS,SAN MARTIN
2205006,PROVINCIAS,PINTO RECODO,LAMAS,SAN MARTIN
2205007,PROVINCIAS,RUMISAPA,LAMAS,SAN MARTIN
2205008,PROVINCIAS,SAN ROQUE DE CUMBAZA,LAMAS,SAN MARTIN
2205009,PROVINCIAS,SHANAO,LAMAS,SAN MARTIN
2205010,PROVINCIAS,TABALOSOS,LAMAS,SAN MARTIN
2205011,PROVINCIAS,ZAPATERO,LAMAS,SAN MARTIN
2206000,PROVINCIAS,MSCAL CACERES,MSCAL CACERES,SAN MARTIN
2206001,PROVINCIAS,CAMPANILLA,MSCAL CACERES,SAN MARTIN
2206002,PROVINCIAS,HUICUNGO,MSCAL CACERES,SAN MARTIN
2206003,PROVINCIAS,JUANJUI,MSCAL CACERES,SAN MARTIN
2206004,PROVINCIAS,PACHIZA,MSCAL CACERES,SAN MARTIN
2206005,PROVINCIAS,PAJARILLO,MSCAL CACERES,SAN MARTIN
2207000,PROVINCIAS,PICOTA,PICOTA,SAN MARTIN
2207001,PROVINCIAS,BUENOS AIRES,PICOTA,SAN MARTIN
2207002,PROVINCIAS,CASPISAPA,PICOTA,SAN MARTIN
2207003,PROVINCIAS,PICOTA,PICOTA,SAN MARTIN
2207004,PROVINCIAS,PILLUANA,PICOTA,SAN MARTIN
2207005,PROVINCIAS,PUCACACA,PICOTA,SAN MARTIN
2207006,PROVINCIAS,SAN CRISTOBAL,PICOTA,SAN MARTIN
2207007,PROVINCIAS,SAN HILARION,PICOTA,SAN MARTIN
2207008,PROVINCIAS,SHAMBOYACU,PICOTA,SAN MARTIN
2207009,PROVINCIAS,TINGO DE PONASA,PICOTA,SAN MARTIN
2207010,PROVINCIAS,TRES UNIDOS,PICOTA,SAN MARTIN
2208000,PROVINCIAS,RIOJA,RIOJA,SAN MARTIN
2208001,PROVINCIAS,AWAJUN,RIOJA,SAN MARTIN
2208002,PROVINCIAS,ELIAS SOPLIN VARGAS,RIOJA,SAN MARTIN
2208003,PROVINCIAS,NUEVA CAJAMARCA,RIOJA,SAN MARTIN
2208004,PROVINCIAS,PARDO MIGUEL,RIOJA,SAN MARTIN
2208005,PROVINCIAS,POSIC,RIOJA,SAN MARTIN
2208006,PROVINCIAS,RIOJA,RIOJA,SAN MARTIN
2208007,PROVINCIAS,SAN FERNANDO,RIOJA,SAN MARTIN
2208008,PROVINCIAS,YORONGOS,RIOJA,SAN MARTIN
2208009,PROVINCIAS,YURACYACU,RIOJA,SAN MARTIN
2209000,PROVINCIAS,SAN MARTIN,SAN MARTIN,SAN MARTIN
2209001,PROVINCIAS,ALBERTO LEVEAU,SAN MARTIN,SAN MARTIN
2209002,PROVINCIAS,CACATACHI,SAN MARTIN,SAN MARTIN
2209003,PROVINCIAS,CHAZUTA,SAN MARTIN,SAN MARTIN
2209004,PROVINCIAS,CHIPURANA,SAN MARTIN,SAN MARTIN
2209005,PROVINCIAS,EL PORVENIR,SAN MARTIN,SAN MARTIN
2209006,PROVINCIAS,HUIMBAYOC,SAN MARTIN,SAN MARTIN
2209007,PROVINCIAS,JUAN GUERRA,SAN MARTIN,SAN MARTIN
2209008,PROVINCIAS,LA BANDA DE SCHILCAY ,SAN MARTIN,SAN MARTIN
2209009,PROVINCIAS,MORALES,SAN MARTIN,SAN MARTIN
2209010,PROVINCIAS,PAPAPLAYA,SAN MARTIN,SAN MARTIN
2209011,PROVINCIAS,SAN ANTONIO,SAN MARTIN,SAN MARTIN
2209012,PROVINCIAS,SAUCE,SAN MARTIN,SAN MARTIN
2209013,PROVINCIAS,SHAPAJA,SAN MARTIN,SAN MARTIN
2209014,PROVINCIAS,TARAPOTO,SAN MARTIN,SAN MARTIN
2210000,PROVINCIAS,TOCACHE,TOCACHE,SAN MARTIN
2210001,PROVINCIAS,NUEVO PROGRESO,TOCACHE,SAN MARTIN
2210002,PROVINCIAS,POLVORA,TOCACHE,SAN MARTIN
2210003,PROVINCIAS,SHUNTE,TOCACHE,SAN MARTIN
2210004,PROVINCIAS,TOCACHE,TOCACHE,SAN MARTIN
2210005,PROVINCIAS,UCHIZA,TOCACHE,SAN MARTIN
2300000,PROVINCIAS,TACNA,TACNA,TACNA
2301000,PROVINCIAS,TACNA,TACNA,TACNA
2301001,PROVINCIAS,ALTO DE LA ALIANZA,TACNA,TACNA
2301002,PROVINCIAS,CALANA,TACNA,TACNA
2301003,PROVINCIAS,CIUDAD NUEVA,TACNA,TACNA
2301004,PROVINCIAS,INCLAN,TACNA,TACNA
2301005,PROVINCIAS,PACHIA,TACNA,TACNA
2301006,PROVINCIAS,PALCA,TACNA,TACNA
2301007,PROVINCIAS,POCOLLAY,TACNA,TACNA
2301008,PROVINCIAS,SAMA,TACNA,TACNA
2301009,PROVINCIAS,TACNA,TACNA,TACNA
2301010,PROVINCIAS,COR.GREGORIO ALBARRA,TACNA,TACNA
2302000,PROVINCIAS,CANDARAVE,CANDARAVE,TACNA
2302001,PROVINCIAS,CAIRANI,CANDARAVE,TACNA
2302002,PROVINCIAS,CAMILACA,CANDARAVE,TACNA
2302003,PROVINCIAS,CANDARAVE,CANDARAVE,TACNA
2302004,PROVINCIAS,CURIBAYA,CANDARAVE,TACNA
2302005,PROVINCIAS,HUANUARA,CANDARAVE,TACNA
2302006,PROVINCIAS,QUILAHUANI,CANDARAVE,TACNA
2303000,PROVINCIAS,JORGE BASADRE,JORGE BASADRE,TACNA
2303001,PROVINCIAS,ILABAYA,JORGE BASADRE,TACNA
2303002,PROVINCIAS,ITE,JORGE BASADRE,TACNA
2303003,PROVINCIAS,LOCUMBA,JORGE BASADRE,TACNA
2304000,PROVINCIAS,TARATA,TARATA,TACNA
2304001,PROVINCIAS,CHUCATAMI,TARATA,TACNA
2304002,PROVINCIAS,ESTIQUE,TARATA,TACNA
2304003,PROVINCIAS,ESTIQUE PAMPA,TARATA,TACNA
2304004,PROVINCIAS,SITAJARA,TARATA,TACNA
2304005,PROVINCIAS,SUSAPAYA,TARATA,TACNA
2304006,PROVINCIAS,TARATA,TARATA,TACNA
2304007,PROVINCIAS,TARUCACHI,TARATA,TACNA
2304008,PROVINCIAS,TICACO,TARATA,TACNA
2400000,PROVINCIAS,TUMBES,TUMBES,TUMBES
2401000,PROVINCIAS,TUMBES,TUMBES,TUMBES
2401001,PROVINCIAS,CORRALES,TUMBES,TUMBES
2401002,PROVINCIAS,LA CRUZ,TUMBES,TUMBES
2401003,PROVINCIAS,PAMPAS DE HOSPITAL,TUMBES,TUMBES
2401004,PROVINCIAS,SAN JACINTO,TUMBES,TUMBES
2401005,PROVINCIAS,SAN JUAN DE LA VIRGE,TUMBES,TUMBES
2401006,PROVINCIAS,TUMBES,TUMBES,TUMBES
2402000,PROVINCIAS,CONTRALMIRANTE VILLA,CONTRALMIRANTE VILLA,TUMBES
2402001,PROVINCIAS,CASITAS,CONTRALMIRANTE VILLA,TUMBES
2402002,PROVINCIAS,ZORRITOS,CONTRALMIRANTE VILLA,TUMBES
2403000,PROVINCIAS,ZARUMILLA,ZARUMILLA,TUMBES
2403001,PROVINCIAS,AGUAS VERDES,ZARUMILLA,TUMBES
2403002,PROVINCIAS,MATAPALO,ZARUMILLA,TUMBES
2403003,PROVINCIAS,PAPAYAL,ZARUMILLA,TUMBES
2403004,PROVINCIAS,ZARUMILLA,ZARUMILLA,TUMBES
2500000,PROVINCIAS,UCAYALI,UCAYALI,UCAYALI
2501000,PROVINCIAS,CORONEL PORTILLO,CORONEL PORTILLO,UCAYALI
2501001,PROVINCIAS,CALLARIA,CORONEL PORTILLO,UCAYALI
2501002,PROVINCIAS,CAMPOVERDE,CORONEL PORTILLO,UCAYALI
2501003,PROVINCIAS,IPARIA,CORONEL PORTILLO,UCAYALI
2501004,PROVINCIAS,MASISEA,CORONEL PORTILLO,UCAYALI
2501005,PROVINCIAS,YARINACOCHA,CORONEL PORTILLO,UCAYALI
2501006,PROVINCIAS,MANANTAY,CORONEL PORTILLO,UCAYALI
2502000,PROVINCIAS,ATALAYA,ATALAYA,UCAYALI
2502001,PROVINCIAS,RAYMONDI,ATALAYA,UCAYALI
2502002,PROVINCIAS,SEPAHUA,ATALAYA,UCAYALI
2502003,PROVINCIAS,TAHUANIA,ATALAYA,UCAYALI
2502004,PROVINCIAS,YURUA,ATALAYA,UCAYALI
2503000,PROVINCIAS,PADRE ABAD,PADRE ABAD,UCAYALI
2503001,PROVINCIAS,IRAZOLA,PADRE ABAD,UCAYALI
2503002,PROVINCIAS,PADRE ABAD,PADRE ABAD,UCAYALI
2503003,PROVINCIAS,CURIMANA,PADRE ABAD,UCAYALI
2504000,PROVINCIAS,PURUS,PURUS,UCAYALI
2504001,PROVINCIAS,PURUS,PURUS,UCAYALI
9999999,SIN ESPECIFI,SIN ESPECIFICAR,SIN ESPECIFICAR,SIN ESPECIFICAR
